cod_mpio,municipio,cod_dpto,departamento,tipo_municipio,lat,lon,poblacion,poblacion_cabecera,poblacion_rural,poblacion_2030,area_km2
05001,Medellín,05,Antioquia,Municipio,6.246631,-75.581775,2526795,2478217,48578,2510536,374.8
05002,Abejorral,05,Antioquia,Municipio,5.789315,-75.428739,21126,8520,12606,20949,507.1
05004,Abriaquí,05,Antioquia,Municipio,6.632282,-76.064304,2804,914,1890,2760,297.0
05021,Alejandría,05,Antioquia,Municipio,6.376061,-75.141346,5347,3022,2325,5646,128.9
05030,Amagá,05,Antioquia,Municipio,6.038708,-75.702188,33092,16361,16731,33870,84.1
05031,Amalfi,05,Antioquia,Municipio,6.909655,-75.077501,29394,17045,12349,30504,1209.1
05034,Andes,05,Antioquia,Municipio,5.657194,-75.878828,45436,22394,23042,45543,402.5
05036,Angelópolis,05,Antioquia,Municipio,6.109719,-75.711389,6214,2556,3658,6314,81.9
05038,Angostura,05,Antioquia,Municipio,6.885175,-75.335116,12558,3193,9365,12748,338.7
05040,Anorí,05,Antioquia,Municipio,7.074703,-75.148355,21307,9506,11801,22422,1413.8
05042,Santafé de Antioquia,05,Antioquia,Municipio,6.556484,-75.826648,28673,18671,10002,29633,525.6
05044,Anzá,05,Antioquia,Municipio,6.302641,-75.854442,7737,1663,6074,7841,255.9
05045,Apartadó,05,Antioquia,Municipio,7.882968,-76.625279,125881,105207,20674,128467,535.2
05051,Arboletes,05,Antioquia,Municipio,8.849317,-76.426708,31950,12480,19470,32729,754.3
05055,Argelia,05,Antioquia,Municipio,5.731474,-75.14107,8242,3934,4308,8398,245.3
05059,Armenia,05,Antioquia,Municipio,6.155667,-75.786647,5292,1927,3365,5223,110.4
05079,Barbosa,05,Antioquia,Municipio,6.439195,-75.331627,64314,27477,36837,67538,205.7
05086,Belmira,05,Antioquia,Municipio,6.606319,-75.667779,6148,1827,4321,6025,296.2
05088,Bello,05,Antioquia,Municipio,6.333587,-75.555245,609168,587840,21328,634516,147.8
05091,Betania,05,Antioquia,Municipio,5.74615,-75.97679,10743,4033,6710,10656,180.5
05093,Betulia,05,Antioquia,Municipio,6.115208,-75.984452,17068,5204,11864,17337,262.4
05101,Ciudad Bolívar,05,Antioquia,Municipio,5.850273,-76.021509,27720,17192,10528,28233,260.4
05107,Briceño,05,Antioquia,Municipio,7.112803,-75.55036,7905,2818,5087,7610,376.3
05113,Buriticá,05,Antioquia,Municipio,6.720759,-75.907,11168,3011,8157,11661,355.2
05120,Cáceres,05,Antioquia,Municipio,7.578366,-75.35205,28944,7011,21933,28245,1873.8
05125,Caicedo,05,Antioquia,Municipio,6.405607,-75.98293,9134,2131,7003,9236,200.1
05129,Caldas,05,Antioquia,Municipio,6.091077,-75.633673,89671,70829,18842,91739,132.8
05134,Campamento,05,Antioquia,Municipio,6.979771,-75.298091,10063,3087,6976,10219,206.3
05138,Cañasgordas,05,Antioquia,Municipio,6.753859,-76.028228,15337,5462,9875,14786,364.8
05142,Caracolí,05,Antioquia,Municipio,6.409829,-74.757421,4482,2771,1711,4369,262.8
05145,Caramanta,05,Antioquia,Municipio,5.54853,-75.643868,4444,2140,2304,4205,92.1
05147,Carepa,05,Antioquia,Municipio,7.755148,-76.652652,51298,37099,14199,52585,387.3
05148,El Carmen de Viboral,05,Antioquia,Municipio,6.082885,-75.333901,70734,42227,28507,74849,423.6
05150,Carolina,05,Antioquia,Municipio,6.725995,-75.283192,3932,2993,939,3892,149.6
05154,Caucasia,05,Antioquia,Municipio,7.977278,-75.197996,93976,84138,9838,94060,1429.1
05172,Chigorodó,05,Antioquia,Municipio,7.666147,-76.681531,56664,47673,8991,56374,721.7
05190,Cisneros,05,Antioquia,Municipio,6.537829,-75.087047,10136,8896,1240,10343,46.9
05197,Cocorná,05,Antioquia,Municipio,6.058295,-75.185483,16099,7397,8702,16035,241.8
05206,Concepción,05,Antioquia,Municipio,6.394348,-75.257587,5136,2251,2885,5172,202.1
05209,Concordia,05,Antioquia,Municipio,6.045738,-75.908448,22145,8173,13972,21894,247.9
05212,Copacabana,05,Antioquia,Municipio,6.348557,-75.509384,92069,73753,18316,96568,67.8
05234,Dabeiba,05,Antioquia,Municipio,6.998112,-76.261614,24937,10272,14665,25352,1957.3
05237,Donmatías,05,Antioquia,Municipio,6.485603,-75.39263,19849,13085,6764,20094,203.3
05240,Ebéjico,05,Antioquia,Municipio,6.325615,-75.766413,12571,2762,9809,12316,237.8
05250,El Bagre,05,Antioquia,Municipio,7.5975,-74.799097,56596,38492,18104,57960,1560.2
05264,Entrerríos,05,Antioquia,Municipio,6.566273,-75.517685,12894,6834,6060,13470,214.2
05266,Envigado,05,Antioquia,Municipio,6.166695,-75.582192,268381,257546,10835,282790,78.0
05282,Fredonia,05,Antioquia,Municipio,5.928039,-75.675072,26522,9322,17200,26824,258.1
05284,Frontino,05,Antioquia,Municipio,6.776066,-76.130765,21808,9747,12061,21827,1384.1
05306,Giraldo,05,Antioquia,Municipio,6.680808,-75.952158,6491,2586,3905,6765,93.5
05308,Girardota,05,Antioquia,Municipio,6.379472,-75.444238,62138,34131,28007,64777,82.9
05310,Gómez Plata,05,Antioquia,Municipio,6.683269,-75.220018,10420,5649,4771,10619,332.2
05313,Granada,05,Antioquia,Municipio,6.142892,-75.184446,10502,5873,4629,10517,190.2
05315,Guadalupe,05,Antioquia,Municipio,6.815069,-75.239862,7031,2600,4431,7065,118.2
05318,Guarne,05,Antioquia,Municipio,6.27787,-75.441612,66158,23576,42582,69425,151.8
05321,Guatapé,05,Antioquia,Municipio,6.232461,-75.160041,9842,6533,3309,10419,83.3
05347,Heliconia,05,Antioquia,Municipio,6.206757,-75.734322,4961,2262,2699,4595,114.8
05353,Hispania,05,Antioquia,Municipio,5.799461,-75.906587,5966,3888,2078,6152,57.5
05360,Itagüí,05,Antioquia,Municipio,6.175079,-75.612056,306397,277025,29372,312805,19.6
05361,Ituango,05,Antioquia,Municipio,7.171629,-75.764673,29650,8614,21036,29992,2841.1
05364,Jardín,05,Antioquia,Municipio,5.597542,-75.818982,15531,8504,7027,15791,201.2
05368,Jericó,05,Antioquia,Municipio,5.789748,-75.785499,14414,8403,6011,14576,205.0
05376,La Ceja,05,Antioquia,Municipio,6.028062,-75.429433,74386,64591,9795,78583,132.7
05380,La Estrella,05,Antioquia,Municipio,6.145238,-75.637708,84068,71815,12253,87503,36.5
05390,La Pintada,05,Antioquia,Municipio,5.743808,-75.60781,8722,7811,911,9063,54.3
05400,La Unión,05,Antioquia,Municipio,5.973845,-75.360874,24374,15128,9246,25578,167.7
05411,Liborina,05,Antioquia,Municipio,6.677316,-75.812838,10896,2805,8091,10932,216.4
05425,Maceo,05,Antioquia,Municipio,6.552116,-74.78716,8902,3581,5321,9008,387.1
05440,Marinilla,05,Antioquia,Municipio,6.173995,-75.339345,75558,53581,21977,79802,114.9
05467,Montebello,05,Antioquia,Municipio,5.946313,-75.523455,6477,2064,4413,6166,76.0
05475,Murindó,05,Antioquia,Municipio,6.97771,-76.817485,6023,2239,3784,6486,1266.2
05480,Mutatá,05,Antioquia,Municipio,7.242875,-76.435875,13717,5451,8266,13411,1075.2
05483,Nariño,05,Antioquia,Municipio,5.610777,-75.176262,11059,3757,7302,11228,316.8
05490,Necoclí,05,Antioquia,Municipio,8.434526,-76.787271,42372,12327,30045,41433,1255.5
05495,Nechí,05,Antioquia,Municipio,8.094129,-74.77647,29853,16862,12991,31436,937.3
05501,Olaya,05,Antioquia,Municipio,6.626492,-75.811773,3496,397,3099,3511,87.0
05541,Peñol,05,Antioquia,Municipio,6.219349,-75.242693,24121,13237,10884,25125,118.3
05543,Peque,05,Antioquia,Municipio,7.021029,-75.910357,8835,2835,6000,8993,434.1
05576,Pueblorrico,05,Antioquia,Municipio,5.79158,-75.839903,9073,4893,4180,9129,75.4
05579,Puerto Berrío,05,Antioquia,Municipio,6.487028,-74.410016,39161,33521,5640,39047,1220.1
05585,Puerto Nare,05,Antioquia,Municipio,6.186025,-74.583012,15675,5410,10265,15896,669.3
05591,Puerto Triunfo,05,Antioquia,Municipio,5.871318,-74.64119,20322,3985,16337,20714,369.6
05604,Remedios,05,Antioquia,Municipio,7.029424,-74.698135,33548,14710,18838,35538,1989.2
05607,Retiro,05,Antioquia,Municipio,6.062454,-75.501301,27622,15260,12362,29029,243.6
05615,Rionegro,05,Antioquia,Municipio,6.147148,-75.377316,156303,98864,57439,163772,195.9
05628,Sabanalarga,05,Antioquia,Municipio,6.850028,-75.816645,9963,3578,6385,10135,265.8
05631,Sabaneta,05,Antioquia,Municipio,6.149903,-75.615479,109260,94532,14728,118837,16.0
05642,Salgar,05,Antioquia,Municipio,5.964198,-75.976807,18910,7570,11340,18726,288.2
05647,San Andrés de Cuerquía,05,Antioquia,Municipio,6.916676,-75.674564,7380,3162,4218,7253,218.7
05649,San Carlos,05,Antioquia,Municipio,6.187746,-74.988097,16961,7985,8976,16932,717.8
05652,San Francisco,05,Antioquia,Municipio,5.963476,-75.101562,6089,2820,3269,6195,356.3
05656,San Jerónimo,05,Antioquia,Municipio,6.44809,-75.726975,18757,8640,10117,20209,161.3
05658,San José de La Montaña,05,Antioquia,Municipio,6.85009,-75.683352,4070,2643,1427,4242,126.1
05659,San Juan de Urabá,05,Antioquia,Municipio,8.758964,-76.52857,19844,7699,12145,19338,252.0
05660,San Luis,05,Antioquia,Municipio,6.043017,-74.993619,14593,8836,5757,15227,425.6
05664,San Pedro de Los Milagros,05,Antioquia,Municipio,6.46012,-75.556743,22252,12692,9560,22026,220.9
05665,San Pedro de Urabá,05,Antioquia,Municipio,8.276884,-76.380567,32528,15415,17113,32650,602.5
05667,San Rafael,05,Antioquia,Municipio,6.293759,-75.02849,17572,9133,8439,18225,363.9
05670,San Roque,05,Antioquia,Municipio,6.485939,-75.019109,24855,8391,16464,25890,424.9
05674,San Vicente,05,Antioquia,Municipio,6.282164,-75.332616,24984,7188,17796,25682,230.5
05679,Santa Bárbara,05,Antioquia,Municipio,5.875527,-75.567351,29737,14267,15470,30580,196.2
05686,Santa Rosa de Osos,05,Antioquia,Municipio,6.643366,-75.460723,40697,23351,17346,42326,864.8
05690,Santo Domingo,05,Antioquia,Municipio,6.473032,-75.164903,13568,3461,10107,13690,266.0
05697,El Santuario,05,Antioquia,Municipio,6.136871,-75.265465,40538,29278,11260,42490,83.5
05736,Segovia,05,Antioquia,Municipio,7.079648,-74.701596,39549,32366,7183,40210,1127.3
05756,Sonsón,05,Antioquia,Municipio,5.714851,-75.309596,35750,17640,18110,34680,1346.4
05761,Sopetrán,05,Antioquia,Municipio,6.500745,-75.747378,16647,7566,9081,17071,219.1
05789,Támesis,05,Antioquia,Municipio,5.664645,-75.714429,16646,7926,8720,16458,252.2
05790,Tarazá,05,Antioquia,Municipio,7.580127,-75.401407,29542,15566,13976,30407,1149.0
05792,Tarso,05,Antioquia,Municipio,5.864542,-75.822956,6597,3736,2861,6707,120.5
05809,Titiribí,05,Antioquia,Municipio,6.062391,-75.791887,11582,5420,6162,11779,140.3
05819,Toledo,05,Antioquia,Municipio,7.010328,-75.692281,4767,1752,3015,4541,122.6
05837,Turbo,05,Antioquia,Municipio,8.089929,-76.728858,130286,54107,76179,129757,2919.5
05842,Uramita,05,Antioquia,Municipio,6.898393,-76.173284,7527,2537,4990,7619,265.9
05847,Urrao,05,Antioquia,Municipio,6.317343,-76.133951,32148,17764,14384,32738,2563.4
05854,Valdivia,05,Antioquia,Municipio,7.1652,-75.439274,15105,4511,10594,15340,567.7
05856,Valparaíso,05,Antioquia,Municipio,5.614555,-75.624452,6717,3946,2771,6712,126.2
05858,Vegachí,05,Antioquia,Municipio,6.773525,-74.798714,12183,8660,3523,12257,525.0
05861,Venecia,05,Antioquia,Municipio,5.964693,-75.735544,12494,5819,6675,12699,139.7
05873,Vigía del Fuerte,05,Antioquia,Municipio,6.588164,-76.896004,11686,4273,7413,12585,1661.9
05885,Yalí,05,Antioquia,Municipio,6.676554,-74.840059,7724,3806,3918,7599,440.9
05887,Yarumal,05,Antioquia,Municipio,6.963832,-75.418828,41853,30156,11697,41645,738.3
05890,Yolombó,05,Antioquia,Municipio,6.594511,-75.013385,25236,8119,17117,25873,1012.5
05893,Yondó,05,Antioquia,Municipio,7.00396,-73.912445,22429,11856,10573,23853,1895.0
05895,Zaragoza,05,Antioquia,Municipio,7.488583,-74.867075,26996,13801,13195,27763,1167.4
08001,Barranquilla,08,Atlántico,Municipio,10.977961,-74.815546,1275854,1275180,674,1254536,154.2
08078,Baranoa,08,Atlántico,Municipio,10.79445,-74.916077,76917,64886,12031,82814,121.3
08137,Campo de La Cruz,08,Atlántico,Municipio,10.378291,-74.880847,27802,24302,3500,29691,100.0
08141,Candelaria,08,Atlántico,Municipio,10.461903,-74.879717,19908,14660,5248,21399,135.8
08296,Galapa,08,Atlántico,Municipio,10.919033,-74.870385,70042,64862,5180,71309,97.5
08372,Juan de Acosta,08,Atlántico,Municipio,10.83254,-75.041032,24641,16028,8613,25894,167.9
08421,Luruaco,08,Atlántico,Municipio,10.610491,-75.14199,33491,17815,15676,35398,224.3
08433,Malambo,08,Atlántico,Municipio,10.857086,-74.776923,153223,142759,10464,160248,97.9
08436,Manatí,08,Atlántico,Municipio,10.449089,-74.956867,24231,21514,2717,25778,214.3
08520,Palmar de Varela,08,Atlántico,Municipio,10.738591,-74.754765,36310,34966,1344,39448,92.3
08549,Piojó,08,Atlántico,Municipio,10.749216,-75.107592,7994,3616,4378,8466,253.0
08558,Polonuevo,08,Atlántico,Municipio,10.777363,-74.852981,21760,18359,3401,23067,73.9
08560,Ponedera,08,Atlántico,Municipio,10.641779,-74.753885,27857,16591,11266,29182,206.5
08573,Puerto Colombia,08,Atlántico,Municipio,11.015322,-74.888627,65686,57312,8374,70847,70.6
08606,Repelón,08,Atlántico,Municipio,10.493357,-75.125534,30816,21358,9458,32370,358.5
08634,Sabanagrande,08,Atlántico,Municipio,10.792453,-74.759496,40498,38759,1739,43761,43.1
08638,Sabanalarga,08,Atlántico,Municipio,10.632091,-74.921256,106209,81181,25028,109906,395.9
08675,Santa Lucía,08,Atlántico,Municipio,10.324303,-74.959204,19997,17343,2654,21565,57.4
08685,Santo Tomás,08,Atlántico,Municipio,10.758735,-74.757859,37898,35949,1949,41425,65.0
08758,Soledad,08,Atlántico,Municipio,10.909921,-74.786054,733597,732525,1072,774038,59.4
08770,Suan,08,Atlántico,Municipio,10.335432,-74.881687,14784,13896,888,15874,42.6
08832,Tubará,08,Atlántico,Municipio,10.873586,-74.978704,20558,10836,9722,21466,183.0
08849,Usiacurí,08,Atlántico,Municipio,10.74298,-74.976985,15831,14855,976,17296,101.4
11001,"Bogotá, D.C.",11,"Bogotá, D.C.",Municipio,4.649251,-74.106992,7945996,7914911,31085,7916525,1622.9
13001,Cartagena de Indias,13,Bolívar,Municipio,10.385126,-75.496269,1010995,902411,108584,1005215,597.7
13006,Achí,13,Bolívar,Municipio,8.570107,-74.557676,28305,6204,22101,29694,951.8
13030,Altos del Rosario,13,Bolívar,Municipio,8.791865,-74.164905,11245,3797,7448,10795,303.7
13042,Arenal,13,Bolívar,Municipio,8.458865,-73.941099,8767,5164,3603,9134,461.9
13052,Arjona,13,Bolívar,Municipio,10.25666,-75.344332,74002,58280,15722,74777,589.6
13062,Arroyohondo,13,Bolívar,Municipio,10.250075,-75.019215,8471,4832,3639,8322,163.8
13074,Barranco de Loba,13,Bolívar,Municipio,8.947787,-74.104391,17627,6538,11089,18295,430.7
13140,Calamar,13,Bolívar,Municipio,10.250431,-74.916144,25275,14483,10792,25903,255.4
13160,Cantagallo,13,Bolívar,Municipio,7.378678,-73.914605,8924,4947,3977,9041,881.5
13188,Cicuco,13,Bolívar,Municipio,9.274281,-74.645981,16301,10608,5693,17361,133.2
13212,Córdoba,13,Bolívar,Municipio,9.586942,-74.827399,18650,4184,14466,19450,597.3
13222,Clemencia,13,Bolívar,Municipio,10.567452,-75.328469,16242,13628,2614,16809,85.4
13244,El Carmen de Bolívar,13,Bolívar,Municipio,9.718653,-75.121178,77564,56746,20818,79008,946.3
13248,El Guamo,13,Bolívar,Municipio,10.030958,-74.976084,9790,5287,4503,10096,383.2
13268,El Peñón,13,Bolívar,Municipio,8.988271,-73.949274,7914,2782,5132,7618,318.9
13300,Hatillo de Loba,13,Bolívar,Municipio,8.956014,-74.077912,13345,3279,10066,13442,194.3
13430,Magangué,13,Bolívar,Municipio,9.263799,-74.766742,152489,105559,46930,157944,1130.0
13433,Mahates,13,Bolívar,Municipio,10.233285,-75.191643,32609,11649,20960,34177,432.2
13440,Margarita,13,Bolívar,Municipio,9.15784,-74.285137,11878,1787,10091,12095,293.7
13442,María La Baja,13,Bolívar,Municipio,9.982402,-75.300516,49169,21634,27535,49082,559.9
13458,Montecristo,13,Bolívar,Municipio,8.297234,-74.471176,16337,3771,12566,15900,2092.8
13468,Mompós,13,Bolívar,Municipio,9.244241,-74.42818,49218,25014,24204,50086,652.1
13473,Morales,13,Bolívar,Municipio,8.276558,-73.868172,26067,7932,18135,26723,1347.6
13490,Norosí,13,Bolívar,Municipio,8.526259,-74.038003,13215,2957,10258,14222,416.4
13549,Pinillos,13,Bolívar,Municipio,8.914947,-74.462279,25831,3612,22219,25770,775.6
13580,Regidor,13,Bolívar,Municipio,8.666258,-73.821638,8012,4923,3089,8360,183.5
13600,Río Viejo,13,Bolívar,Municipio,8.58795,-73.840466,12613,5970,6643,13108,845.2
13620,San Cristóbal,13,Bolívar,Municipio,10.392836,-75.065076,9958,7680,2278,10726,42.3
13647,San Estanislao,13,Bolívar,Municipio,10.398602,-75.153101,21751,14667,7084,22941,211.6
13650,San Fernando,13,Bolívar,Municipio,9.214183,-74.323811,12641,1983,10658,12271,317.3
13654,San Jacinto,13,Bolívar,Municipio,9.830275,-75.12105,27965,24189,3776,29333,442.9
13655,San Jacinto del Cauca,13,Bolívar,Municipio,8.25158,-74.721156,10857,2674,8183,11117,570.0
13657,San Juan Nepomuceno,13,Bolívar,Municipio,9.953751,-75.081761,43291,32231,11060,45438,631.2
13667,San Martín de Loba,13,Bolívar,Municipio,8.937485,-74.039134,15839,7459,8380,15557,450.2
13670,San Pablo,13,Bolívar,Municipio,7.476747,-73.924602,29312,23518,5794,29588,2021.0
13673,Santa Catalina,13,Bolívar,Municipio,10.605294,-75.287855,15427,6000,9427,15734,172.8
13683,Santa Rosa,13,Bolívar,Municipio,10.444396,-75.369824,22593,20537,2056,22874,154.7
13688,Santa Rosa del Sur,13,Bolívar,Municipio,7.963938,-74.052243,33538,20402,13136,33084,2382.8
13744,Simití,13,Bolívar,Municipio,7.953916,-73.947264,18410,5995,12415,18082,1354.7
13760,Soplaviento,13,Bolívar,Municipio,10.38839,-75.136404,13414,13190,224,14529,92.6
13780,Talaigua Nuevo,13,Bolívar,Municipio,9.30403,-74.567479,15409,7379,8030,16138,249.3
13810,Tiquisio,13,Bolívar,Municipio,8.558666,-74.262922,18390,6232,12158,17962,762.8
13836,Turbaco,13,Bolívar,Municipio,10.348316,-75.427249,129703,119055,10648,137474,202.0
13838,Turbaná,13,Bolívar,Municipio,10.274585,-75.44265,18005,13521,4484,18493,191.2
13873,Villanueva,13,Bolívar,Municipio,10.444089,-75.275613,30219,26193,4026,32723,137.1
13894,Zambrano,13,Bolívar,Municipio,9.746306,-74.817879,13613,11882,1731,14134,309.2
15001,Tunja,15,Boyacá,Municipio,5.53988,-73.355539,191372,183278,8094,198604,119.7
15022,Almeida,15,Boyacá,Municipio,4.970857,-73.378933,1764,373,1391,1669,57.7
15047,Aquitania,15,Boyacá,Municipio,5.518602,-72.88399,15292,6285,9007,14914,942.1
15051,Arcabuco,15,Boyacá,Municipio,5.755673,-73.437503,6522,2839,3683,6753,137.9
15087,Belén,15,Boyacá,Municipio,5.98923,-72.911641,7642,4810,2832,7613,163.1
15090,Berbeo,15,Boyacá,Municipio,5.227451,-73.12721,1636,488,1148,1624,58.0
15092,Betéitiva,15,Boyacá,Municipio,5.909978,-72.809014,1762,351,1411,1658,101.9
15097,Boavita,15,Boyacá,Municipio,6.330703,-72.584905,5169,2565,2604,5145,145.3
15104,Boyacá,15,Boyacá,Municipio,5.454578,-73.361945,5313,971,4342,5303,48.0
15106,Briceño,15,Boyacá,Municipio,5.690879,-73.92326,2257,570,1687,2233,64.6
15109,Buenavista,15,Boyacá,Municipio,5.512594,-73.94217,4519,941,3578,4470,110.2
15114,Busbanzá,15,Boyacá,Municipio,5.831393,-72.884158,1342,576,766,1433,25.4
15131,Caldas,15,Boyacá,Municipio,5.55458,-73.865553,2797,309,2488,2587,79.0
15135,Campohermoso,15,Boyacá,Municipio,5.031676,-73.104173,3187,906,2281,3177,298.7
15162,Cerinza,15,Boyacá,Municipio,5.955939,-72.947918,3527,1677,1850,3379,63.6
15172,Chinavita,15,Boyacá,Municipio,5.167486,-73.368476,3049,1249,1800,2900,136.4
15176,Chiquinquirá,15,Boyacá,Municipio,5.61379,-73.818745,58330,51635,6695,58604,165.0
15180,Chiscas,15,Boyacá,Municipio,6.553136,-72.500957,4106,1031,3075,4059,658.8
15183,Chita,15,Boyacá,Municipio,6.187083,-72.471892,8255,2329,5926,8178,677.4
15185,Chitaraque,15,Boyacá,Municipio,6.027425,-73.4471,5969,1401,4568,5945,158.5
15187,Chivatá,15,Boyacá,Municipio,5.558949,-73.282529,2858,579,2279,2831,49.5
15189,Ciénega,15,Boyacá,Municipio,5.408694,-73.296049,4499,1341,3158,4301,54.0
15204,Cómbita,15,Boyacá,Municipio,5.634545,-73.323957,13539,1790,11749,13478,145.3
15212,Coper,15,Boyacá,Municipio,5.475074,-74.045636,3456,961,2495,3279,149.9
15215,Corrales,15,Boyacá,Municipio,5.828064,-72.844795,2576,1641,935,2553,60.9
15218,Covarachía,15,Boyacá,Municipio,6.500177,-72.738978,2876,609,2267,2840,102.4
15223,Cubará,15,Boyacá,Municipio,6.997275,-72.107939,13622,3315,10307,14666,1177.6
15224,Cucaita,15,Boyacá,Municipio,5.544452,-73.454338,3813,1630,2183,3779,42.1
15226,Cuítiva,15,Boyacá,Municipio,5.580367,-72.965923,1850,326,1524,1829,44.1
15232,Chíquiza,15,Boyacá,Municipio,5.639834,-73.449463,4795,489,4306,4761,116.5
15236,Chivor,15,Boyacá,Municipio,4.888173,-73.368398,2773,820,1953,2830,108.7
15238,Duitama,15,Boyacá,Municipio,5.822964,-73.03063,137431,122443,14988,143354,234.0
15244,El Cocuy,15,Boyacá,Municipio,6.407738,-72.444537,4308,2380,1928,4295,238.3
15248,El Espino,15,Boyacá,Municipio,6.483027,-72.497007,3126,1468,1658,3109,69.4
15272,Firavitoba,15,Boyacá,Municipio,5.668885,-72.993392,7182,2856,4326,7273,109.3
15276,Floresta,15,Boyacá,Municipio,5.859519,-72.918111,3332,1302,2030,3320,88.1
15293,Gachantivá,15,Boyacá,Municipio,5.751891,-73.549092,2715,634,2081,2640,88.2
15296,Gámeza,15,Boyacá,Municipio,5.802333,-72.80553,4584,1369,3215,4357,123.7
15299,Garagoa,15,Boyacá,Municipio,5.083234,-73.364413,19609,13996,5613,20107,193.5
15317,Guacamayas,15,Boyacá,Municipio,6.459667,-72.500812,1797,664,1133,1720,57.7
15322,Guateque,15,Boyacá,Municipio,5.007321,-73.471207,11471,8317,3154,11675,36.1
15325,Guayatá,15,Boyacá,Municipio,4.967122,-73.489698,3480,1257,2223,3467,100.0
15332,Güicán de La Sierra,15,Boyacá,Municipio,6.462864,-72.411763,4375,1484,2891,4352,952.2
15362,Iza,15,Boyacá,Municipio,5.611577,-72.979559,1921,1185,736,1885,34.2
15367,Jenesano,15,Boyacá,Municipio,5.385813,-73.363738,7403,2004,5399,7340,59.0
15368,Jericó,15,Boyacá,Municipio,6.145735,-72.571122,4021,1387,2634,4002,131.7
15377,Labranzagrande,15,Boyacá,Municipio,5.562687,-72.57777,3772,1366,2406,3796,581.3
15380,La Capilla,15,Boyacá,Municipio,5.095687,-73.444347,2524,1043,1481,2410,56.9
15401,La Victoria,15,Boyacá,Municipio,5.523792,-74.234393,1164,461,703,1134,28.0
15403,La Uvita,15,Boyacá,Municipio,6.31616,-72.559982,2795,1324,1471,2614,161.6
15407,Villa de Leyva,15,Boyacá,Municipio,5.632455,-73.524948,20103,10330,9773,21997,126.6
15425,Macanal,15,Boyacá,Municipio,4.972464,-73.319593,5367,1403,3964,5460,200.0
15442,Maripí,15,Boyacá,Municipio,5.550091,-74.00405,5883,978,4905,5833,160.7
15455,Miraflores,15,Boyacá,Municipio,5.196515,-73.14563,9055,5662,3393,9004,258.7
15464,Mongua,15,Boyacá,Municipio,5.754242,-72.79809,4458,2029,2429,4285,360.4
15466,Monguí,15,Boyacá,Municipio,5.723486,-72.849292,4323,2402,1921,4277,68.9
15469,Moniquirá,15,Boyacá,Municipio,5.876331,-73.573374,23942,12936,11006,24221,218.3
15476,Motavita,15,Boyacá,Municipio,5.5777,-73.367841,5175,908,4267,4826,60.0
15480,Muzo,15,Boyacá,Municipio,5.532758,-74.10269,8037,5399,2638,7631,137.9
15491,Nobsa,15,Boyacá,Municipio,5.768046,-72.937042,17186,5951,11235,17403,55.4
15494,Nuevo Colón,15,Boyacá,Municipio,5.355317,-73.456759,5244,1196,4048,5213,51.4
15500,Oicatá,15,Boyacá,Municipio,5.595235,-73.308399,2941,509,2432,2934,60.3
15507,Otanche,15,Boyacá,Municipio,5.657536,-74.180965,8205,3854,4351,8155,475.0
15511,Pachavita,15,Boyacá,Municipio,5.140065,-73.396953,2231,548,1683,2079,66.7
15514,Páez,15,Boyacá,Municipio,5.097319,-73.052737,3353,1518,1835,3326,339.1
15516,Paipa,15,Boyacá,Municipio,5.779894,-73.11782,39148,24554,14594,41483,305.1
15518,Pajarito,15,Boyacá,Municipio,5.293783,-72.703231,2128,923,1205,1954,313.7
15522,Panqueba,15,Boyacá,Municipio,6.443416,-72.459424,1708,879,829,1652,39.7
15531,Pauna,15,Boyacá,Municipio,5.656323,-73.978449,7346,2379,4967,7292,252.6
15533,Paya,15,Boyacá,Municipio,5.625699,-72.423775,2780,675,2105,2801,443.8
15537,Paz de Río,15,Boyacá,Municipio,5.987645,-72.749137,4374,2930,1444,4366,122.7
15542,Pesca,15,Boyacá,Municipio,5.558808,-73.050872,7019,2515,4504,6955,263.1
15550,Pisba,15,Boyacá,Municipio,5.72141,-72.486023,2018,709,1309,2073,465.0
15572,Puerto Boyacá,15,Boyacá,Municipio,5.976646,-74.587782,47775,34705,13070,47579,1513.6
15580,Quípama,15,Boyacá,Municipio,5.52055,-74.180033,5012,1517,3495,4960,167.3
15599,Ramiriquí,15,Boyacá,Municipio,5.400303,-73.334839,10126,4458,5668,10048,125.7
15600,Ráquira,15,Boyacá,Municipio,5.539136,-73.632543,8076,2755,5321,8002,220.7
15621,Rondón,15,Boyacá,Municipio,5.357378,-73.208474,2455,713,1742,2460,206.4
15632,Saboyá,15,Boyacá,Municipio,5.697756,-73.764456,14624,1545,13079,14785,248.7
15638,Sáchica,15,Boyacá,Municipio,5.584305,-73.542539,6444,3218,3226,6736,63.9
15646,Samacá,15,Boyacá,Municipio,5.492161,-73.485589,19525,8354,11171,19717,167.6
15660,San Eduardo,15,Boyacá,Municipio,5.22401,-73.077747,1637,791,846,1593,109.5
15664,San José de Pare,15,Boyacá,Municipio,6.018924,-73.545397,4794,1116,3678,4574,74.4
15667,San Luis de Gaceno,15,Boyacá,Municipio,4.81976,-73.168076,5217,2444,2773,4979,469.8
15673,San Mateo,15,Boyacá,Municipio,6.401683,-72.555264,3400,1338,2062,3384,123.9
15676,San Miguel de Sema,15,Boyacá,Municipio,5.518083,-73.722009,3081,521,2560,3060,94.0
15681,San Pablo de Borbur,15,Boyacá,Municipio,5.650743,-74.069963,6778,990,5788,6716,195.9
15686,Santana,15,Boyacá,Municipio,6.056866,-73.481639,7765,2831,4934,7717,68.0
15690,Santa María,15,Boyacá,Municipio,4.857193,-73.263518,3631,2218,1413,3617,309.7
15693,Santa Rosa de Viterbo,15,Boyacá,Municipio,5.874547,-72.982461,13478,8416,5062,13421,116.7
15696,Santa Sofía,15,Boyacá,Municipio,5.713269,-73.602707,3363,1181,2182,3370,77.6
15720,Sativanorte,15,Boyacá,Municipio,6.131132,-72.708458,2030,696,1334,1886,161.3
15723,Sativasur,15,Boyacá,Municipio,6.093183,-72.712435,1015,311,704,947,54.9
15740,Siachoque,15,Boyacá,Municipio,5.511811,-73.24466,6889,1342,5547,6838,119.2
15753,Soatá,15,Boyacá,Municipio,6.331945,-72.684051,9273,6803,2470,9207,123.1
15755,Socotá,15,Boyacá,Municipio,6.041162,-72.636653,7463,1726,5737,7405,603.6
15757,Socha,15,Boyacá,Municipio,5.996717,-72.691963,8484,4723,3761,8611,150.2
15759,Sogamoso,15,Boyacá,Municipio,5.723976,-72.924355,138796,123465,15331,142768,208.3
15761,Somondoco,15,Boyacá,Municipio,4.985726,-73.433393,2984,764,2220,2950,58.8
15762,Sora,15,Boyacá,Municipio,5.56684,-73.450153,3177,606,2571,3178,47.8
15763,Sotaquirá,15,Boyacá,Municipio,5.764986,-73.246585,8051,1125,6926,7801,285.3
15764,Soracá,15,Boyacá,Municipio,5.500898,-73.332804,6209,1787,4422,6201,55.8
15774,Susacón,15,Boyacá,Municipio,6.230332,-72.690289,2785,706,2079,2749,182.7
15776,Sutamarchán,15,Boyacá,Municipio,5.619781,-73.620536,6345,2478,3867,6307,103.5
15778,Sutatenza,15,Boyacá,Municipio,5.022989,-73.452317,4219,867,3352,4118,41.1
15790,Tasco,15,Boyacá,Municipio,5.909821,-72.781011,6036,1873,4163,5973,209.7
15798,Tenza,15,Boyacá,Municipio,5.076781,-73.421176,3573,1175,2398,3369,45.9
15804,Tibaná,15,Boyacá,Municipio,5.317251,-73.396457,9056,2017,7039,8829,121.8
15806,Tibasosa,15,Boyacá,Municipio,5.74723,-72.999449,13705,4866,8839,13781,93.8
15808,Tinjacá,15,Boyacá,Municipio,5.579713,-73.646847,3647,950,2697,3753,79.8
15810,Tipacoque,15,Boyacá,Municipio,6.419203,-72.691729,3150,987,2163,3020,71.9
15814,Toca,15,Boyacá,Municipio,5.566464,-73.184794,8969,4600,4369,8908,168.3
15816,Togüí,15,Boyacá,Municipio,5.937438,-73.513655,4442,759,3683,4411,101.4
15820,Tópaga,15,Boyacá,Municipio,5.768201,-72.832245,3723,1189,2534,3681,33.6
15822,Tota,15,Boyacá,Municipio,5.560497,-72.985898,5116,1017,4099,4934,196.0
15832,Tununguá,15,Boyacá,Municipio,5.730582,-73.933155,1559,310,1249,1527,29.2
15835,Turmequé,15,Boyacá,Municipio,5.323261,-73.491825,5587,2050,3537,5235,79.7
15837,Tuta,15,Boyacá,Municipio,5.689082,-73.230285,8196,2620,5576,7984,165.3
15839,Tutazá,15,Boyacá,Municipio,6.032608,-72.856035,1999,222,1777,1936,122.0
15842,Úmbita,15,Boyacá,Municipio,5.221176,-73.456917,7727,1319,6408,7655,146.1
15861,Ventaquemada,15,Boyacá,Municipio,5.368739,-73.522368,17300,3187,14113,17705,160.0
15879,Viracachá,15,Boyacá,Municipio,5.436833,-73.296894,2907,523,2384,2892,62.6
15897,Zetaquira,15,Boyacá,Municipio,5.283443,-73.17098,4754,1367,3387,4706,251.5
17001,Manizales,17,Caldas,Municipio,5.057657,-75.491025,475690,449879,25811,488352,441.0
17013,Aguadas,17,Caldas,Municipio,5.610244,-75.45487,22301,12048,10253,21358,475.7
17042,Anserma,17,Caldas,Municipio,5.236471,-75.784343,37352,22190,15162,36861,209.1
17050,Aranzazu,17,Caldas,Municipio,5.271195,-75.49129,10781,7349,3432,10645,149.6
17088,Belalcázar,17,Caldas,Municipio,4.993785,-75.811918,10327,4897,5430,10041,113.3
17174,Chinchiná,17,Caldas,Municipio,4.985227,-75.607529,50452,44899,5553,49051,109.4
17272,Filadelfia,17,Caldas,Municipio,5.297091,-75.562474,10931,4180,6751,10273,192.6
17380,La Dorada,17,Caldas,Municipio,5.460834,-74.668819,71480,63028,8452,69943,549.2
17388,La Merced,17,Caldas,Municipio,5.39647,-75.546486,5679,2318,3361,5347,88.6
17433,Manzanares,17,Caldas,Municipio,5.255699,-75.152829,18310,11208,7102,18057,197.9
17442,Marmato,17,Caldas,Municipio,5.47422,-75.600049,9363,1446,7917,9195,36.9
17444,Marquetalia,17,Caldas,Municipio,5.297525,-75.053097,13558,7081,6477,13325,90.3
17446,Marulanda,17,Caldas,Municipio,5.284304,-75.259721,2676,934,1742,2616,377.0
17486,Neira,17,Caldas,Municipio,5.166895,-75.520006,21492,12752,8740,21162,369.3
17495,Norcasia,17,Caldas,Municipio,5.574796,-74.889543,6140,4282,1858,6067,227.5
17513,Pácora,17,Caldas,Municipio,5.527172,-75.459621,15657,8180,7477,15312,257.1
17524,Palestina,17,Caldas,Municipio,5.017879,-75.624577,15966,5828,10138,15617,112.2
17541,Pensilvania,17,Caldas,Municipio,5.383281,-75.160299,20404,8917,11487,20007,498.5
17614,Riosucio,17,Caldas,Municipio,5.423673,-75.702104,52118,20610,31508,51045,384.2
17616,Risaralda,17,Caldas,Municipio,5.164509,-75.76722,11079,4944,6135,10851,89.9
17653,Salamina,17,Caldas,Municipio,5.403025,-75.487223,19254,11918,7336,18594,388.1
17662,Samaná,17,Caldas,Municipio,5.41308,-74.992263,21004,7287,13717,20534,758.2
17665,San José,17,Caldas,Municipio,5.08231,-75.792063,4960,1533,3427,4844,60.9
17777,Supía,17,Caldas,Municipio,5.446843,-75.64966,31774,16130,15644,32356,121.6
17867,Victoria,17,Caldas,Municipio,5.317437,-74.911239,11015,5095,5920,11047,558.9
17873,Villamaría,17,Caldas,Municipio,5.038925,-75.502487,74463,66008,8455,77033,455.1
17877,Viterbo,17,Caldas,Municipio,5.062664,-75.87061,12613,10818,1795,12281,112.9
18001,Florencia,18,Caquetá,Municipio,1.618196,-75.609831,188620,165420,23200,195884,2547.6
18029,Albania,18,Caquetá,Municipio,1.328526,-75.878375,4859,2295,2564,4887,414.1
18094,Belén de Los Andaquíes,18,Caquetá,Municipio,1.415812,-75.872405,11428,7036,4392,11443,1191.6
18150,Cartagena del Chairá,18,Caquetá,Municipio,1.332371,-74.847867,32647,16827,15820,33261,12785.6
18205,Curillo,18,Caquetá,Municipio,1.033473,-75.919205,7804,5398,2406,7820,403.4
18247,El Doncello,18,Caquetá,Municipio,1.679951,-75.283631,19861,13738,6123,19858,1106.1
18256,El Paujíl,18,Caquetá,Municipio,1.570226,-75.326093,18972,9267,9705,19120,1234.7
18410,La Montañita,18,Caquetá,Municipio,1.479173,-75.436408,15512,2825,12687,15713,1701.1
18460,Milán,18,Caquetá,Municipio,1.29021,-75.506926,10297,1135,9162,10447,1220.6
18479,Morelia,18,Caquetá,Municipio,1.486611,-75.724146,3814,2051,1763,3795,462.5
18592,Puerto Rico,18,Caquetá,Municipio,1.909063,-75.157604,27477,15164,12313,27590,4146.4
18610,San José del Fragua,18,Caquetá,Municipio,1.330266,-75.973796,13301,6688,6613,13359,1304.8
18753,San Vicente del Caguán,18,Caquetá,Municipio,2.119413,-74.767894,52805,24703,28102,53092,17464.6
18756,Solano,18,Caquetá,Municipio,0.699077,-75.253702,10833,2703,8130,10878,42312.8
18785,Solita,18,Caquetá,Municipio,0.87654,-75.619902,6422,3812,2610,6451,476.9
18860,Valparaíso,18,Caquetá,Municipio,1.194619,-75.70671,7215,2385,4830,7274,1330.2
19001,Popayán,19,Cauca,Municipio,2.459641,-76.599377,355347,291391,63956,366440,480.2
19022,Almaguer,19,Cauca,Municipio,1.913429,-76.85607,18376,1000,17376,18213,236.7
19050,Argelia,19,Cauca,Municipio,2.257427,-77.24905,27853,2511,25342,28541,775.8
19075,Balboa,19,Cauca,Municipio,2.040998,-77.215773,22556,5506,17050,23151,413.2
19100,Bolívar,19,Cauca,Municipio,1.837538,-76.966215,37932,4331,33601,37592,797.8
19110,Buenos Aires,19,Cauca,Municipio,3.015382,-76.642238,33342,828,32514,33788,435.0
19130,Cajibío,19,Cauca,Municipio,2.623371,-76.570682,46986,1830,45156,49184,552.3
19137,Caldono,19,Cauca,Municipio,2.798059,-76.484319,45131,1751,43380,47203,354.7
19142,Caloto,19,Cauca,Municipio,3.034531,-76.408941,31197,5118,26079,31299,266.6
19212,Corinto,19,Cauca,Municipio,3.173854,-76.261866,27500,13340,14160,27944,325.9
19256,El Tambo,19,Cauca,Municipio,2.451409,-76.810911,58555,2546,56009,60351,2739.6
19290,Florencia,19,Cauca,Municipio,1.682535,-77.072547,5181,1132,4049,5151,56.7
19300,Guachené,19,Cauca,Municipio,3.134153,-76.392189,20437,6520,13917,20485,98.9
19318,Guapi,19,Cauca,Municipio,2.571337,-77.88797,29766,14854,14912,30639,2567.9
19355,Inzá,19,Cauca,Municipio,2.549183,-76.063503,29058,894,28164,28656,866.3
19364,Jambaló,19,Cauca,Municipio,2.777834,-76.323877,19492,1803,17689,20007,234.4
19392,La Sierra,19,Cauca,Municipio,2.179383,-76.763278,11466,1773,9693,11745,208.4
19397,La Vega,19,Cauca,Municipio,2.001803,-76.778771,24376,689,23687,24166,516.1
19418,López de Micay,19,Cauca,Municipio,2.846788,-77.247803,19757,1718,18039,20251,3367.6
19450,Mercaderes,19,Cauca,Municipio,1.789193,-77.164319,26766,6570,20196,28767,698.0
19455,Miranda,19,Cauca,Municipio,3.254651,-76.228722,32700,18447,14253,32824,189.7
19473,Morales,19,Cauca,Municipio,2.754684,-76.629106,46001,2249,43752,48373,511.5
19513,Padilla,19,Cauca,Municipio,3.220984,-76.313265,10622,4655,5967,10733,69.7
19517,Páez,19,Cauca,Municipio,2.645724,-75.970685,54283,2463,51820,57408,1793.1
19532,Patía,19,Cauca,Municipio,2.115875,-76.981075,39457,14070,25387,40364,755.3
19533,Piamonte,19,Cauca,Municipio,1.11754,-76.327588,9967,2223,7744,10453,1104.8
19548,Piendamó - Tunía,19,Cauca,Municipio,2.64228,-76.528615,42986,14339,28647,43247,181.3
19573,Puerto Tejada,19,Cauca,Municipio,3.233254,-76.417673,43709,37405,6304,43843,109.1
19585,Puracé,19,Cauca,Municipio,2.341507,-76.496698,18221,1535,16686,18414,848.3
19622,Rosas,19,Cauca,Municipio,2.260941,-76.740336,12211,1014,11197,12495,169.1
19693,San Sebastián,19,Cauca,Municipio,1.838451,-76.769467,10784,498,10286,10693,419.0
19698,Santander de Quilichao,19,Cauca,Municipio,3.015008,-76.485141,130768,60193,70575,139325,518.2
19701,Santa Rosa,19,Cauca,Municipio,1.700916,-76.573252,5310,593,4717,5271,3619.4
19743,Silvia,19,Cauca,Municipio,2.611927,-76.379753,40504,4076,36428,41469,681.0
19760,Sotará Paispamba,19,Cauca,Municipio,2.253156,-76.613365,14806,405,14401,15153,515.9
19780,Suárez,19,Cauca,Municipio,2.959785,-76.69357,38524,6828,31696,40758,392.4
19785,Sucre,19,Cauca,Municipio,2.038237,-76.926279,9826,1575,8251,9868,135.9
19807,Timbío,19,Cauca,Municipio,2.349686,-76.684476,39534,15712,23822,41251,201.3
19809,Timbiquí,19,Cauca,Municipio,2.777312,-77.667541,29935,6800,23135,31721,2057.7
19821,Toribío,19,Cauca,Municipio,2.953017,-76.270284,40488,2185,38303,42693,492.1
19824,Totoró,19,Cauca,Municipio,2.510252,-76.403628,27710,1089,26621,28621,404.5
19845,Villa Rica,19,Cauca,Municipio,3.17762,-76.458025,23909,16186,7723,24791,81.6
20001,Valledupar,20,Cesar,Municipio,10.460472,-73.259398,629217,552094,77123,679551,4185.8
20011,Aguachica,20,Cesar,Municipio,8.306811,-73.614027,137624,119582,18042,146984,877.7
20013,Agustín Codazzi,20,Cesar,Municipio,10.040454,-73.238389,68732,53718,15014,69634,1753.1
20032,Astrea,20,Cesar,Municipio,9.498062,-73.975842,22306,11731,10575,22288,637.9
20045,Becerril,20,Cesar,Municipio,9.704404,-73.278707,28177,20924,7253,30296,1225.4
20060,Bosconia,20,Cesar,Municipio,9.975098,-73.888761,49462,46303,3159,52436,586.2
20175,Chimichagua,20,Cesar,Municipio,9.25875,-73.813278,37988,14953,23035,37990,1376.4
20178,Chiriguaná,20,Cesar,Municipio,9.361058,-73.599913,33316,19673,13643,34725,1114.5
20228,Curumaní,20,Cesar,Municipio,9.201716,-73.540843,46370,32556,13814,48970,915.2
20238,El Copey,20,Cesar,Municipio,10.149883,-73.962703,35615,26605,9010,36841,956.5
20250,El Paso,20,Cesar,Municipio,9.668461,-73.742012,47130,8182,38948,49232,813.9
20295,Gamarra,20,Cesar,Municipio,8.324793,-73.737558,16060,10450,5610,15802,326.9
20310,González,20,Cesar,Municipio,8.389604,-73.38004,5031,1492,3539,5186,73.0
20383,La Gloria,20,Cesar,Municipio,8.619298,-73.80321,19832,6856,12976,20207,802.9
20400,La Jagua de Ibirico,20,Cesar,Municipio,9.563752,-73.334143,61237,46919,14318,64488,755.9
20443,Manaure Balcón del Cesar,20,Cesar,Municipio,10.390776,-73.029472,11863,9835,2028,12422,136.8
20517,Pailitas,20,Cesar,Municipio,8.959399,-73.625825,21450,15982,5468,21979,531.8
20550,Pelaya,20,Cesar,Municipio,8.689451,-73.666735,24912,17182,7730,26031,423.4
20570,Pueblo Bello,20,Cesar,Municipio,10.417321,-73.586211,35207,11014,24193,37630,743.8
20614,Río de Oro,20,Cesar,Municipio,8.292292,-73.386393,19895,9108,10787,20667,549.4
20621,La Paz,20,Cesar,Municipio,10.387552,-73.171365,33768,23736,10032,35447,1073.1
20710,San Alberto,20,Cesar,Municipio,7.76111,-73.393889,32327,25677,6650,34253,550.2
20750,San Diego,20,Cesar,Municipio,10.333039,-73.181208,24353,13177,11176,26129,646.0
20770,San Martín,20,Cesar,Municipio,7.999855,-73.510914,34997,18821,16176,37782,993.3
20787,Tamalameque,20,Cesar,Municipio,8.861725,-73.812172,16955,6697,10258,16900,513.3
23001,Montería,23,Córdoba,Municipio,8.759789,-75.873096,585029,458206,126823,624991,3136.6
23068,Ayapel,23,Córdoba,Municipio,8.313838,-75.146048,50433,29542,20891,51142,1964.8
23079,Buenavista,23,Córdoba,Municipio,8.221187,-75.480897,22499,8187,14312,22701,834.9
23090,Canalete,23,Córdoba,Municipio,8.786939,-76.241476,16655,4105,12550,16968,420.0
23162,Cereté,23,Córdoba,Municipio,8.888532,-75.796093,123157,68335,54822,129917,290.8
23168,Chimá,23,Córdoba,Municipio,9.149698,-75.626886,19843,3957,15886,20476,324.0
23182,Chinú,23,Córdoba,Municipio,9.105473,-75.399633,52863,22229,30634,54092,626.2
23189,Ciénaga de Oro,23,Córdoba,Municipio,8.875794,-75.620807,63178,23093,40085,63809,641.2
23300,Cotorra,23,Córdoba,Municipio,9.037163,-75.799216,21939,6802,15137,22990,88.3
23350,La Apartada,23,Córdoba,Municipio,8.050125,-75.336031,16674,12677,3997,17290,287.0
23417,Lorica,23,Córdoba,Municipio,9.240789,-75.816084,121047,58322,62725,121450,951.0
23419,Los Córdobas,23,Córdoba,Municipio,8.892098,-76.35518,19190,3715,15475,18951,366.1
23464,Momil,23,Córdoba,Municipio,9.240707,-75.67796,22726,13667,9059,23620,158.8
23466,Montelíbano,23,Córdoba,Municipio,7.973777,-75.416818,88739,65945,22794,90569,1551.2
23500,Moñitos,23,Córdoba,Municipio,9.245223,-76.1291,33384,7092,26292,34183,203.2
23555,Planeta Rica,23,Córdoba,Municipio,8.4082,-75.583241,66626,42418,24208,66380,1140.6
23570,Pueblo Nuevo,23,Córdoba,Municipio,8.504099,-75.508035,38385,10653,27732,38898,849.3
23574,Puerto Escondido,23,Córdoba,Municipio,9.005372,-76.260411,24720,4145,20575,24661,411.0
23580,Puerto Libertador,23,Córdoba,Municipio,7.888859,-75.671761,46580,14280,32300,47956,1647.4
23586,Purísima de La Concepción,23,Córdoba,Municipio,9.239295,-75.724987,19500,8141,11359,20166,117.7
23660,Sahagún,23,Córdoba,Municipio,8.943048,-75.445834,121174,59131,62043,125316,964.8
23670,San Andrés Sotavento,23,Córdoba,Municipio,9.145448,-75.50879,52949,11056,41893,54103,206.8
23672,San Antero,23,Córdoba,Municipio,9.376434,-75.76112,40008,18821,21187,42032,207.5
23675,San Bernardo del Viento,23,Córdoba,Municipio,9.35247,-75.955107,41755,10085,31670,43184,316.0
23678,San Carlos,23,Córdoba,Municipio,8.799282,-75.698799,29051,4749,24302,29435,446.8
23682,San José de Uré,23,Córdoba,Municipio,7.787303,-75.533476,15711,5907,9804,16492,525.7
23686,San Pelayo,23,Córdoba,Municipio,8.958436,-75.835615,59171,9897,49274,61275,445.5
23807,Tierralta,23,Córdoba,Municipio,8.170612,-76.059797,102387,46621,55766,105357,4937.7
23815,Tuchín,23,Córdoba,Municipio,9.186625,-75.553962,62215,8719,53496,65251,106.4
23855,Valencia,23,Córdoba,Municipio,8.255016,-76.150756,36724,16822,19902,36417,919.3
25001,Agua de Dios,25,Cundinamarca,Municipio,4.375309,-74.669221,11818,9529,2289,11752,85.7
25019,Albán,25,Cundinamarca,Municipio,4.878022,-74.438261,7048,2378,4670,7214,50.8
25035,Anapoima,25,Cundinamarca,Municipio,4.562737,-74.528676,17306,8148,9158,18559,124.0
25040,Anolaima,25,Cundinamarca,Municipio,4.7617,-74.46384,14735,5510,9225,14870,121.0
25053,Arbeláez,25,Cundinamarca,Municipio,4.272534,-74.414901,10653,5135,5518,10360,142.5
25086,Beltrán,25,Cundinamarca,Municipio,4.802832,-74.741666,1769,478,1291,1719,176.8
25095,Bituima,25,Cundinamarca,Municipio,4.872171,-74.539609,2461,621,1840,2387,61.0
25099,Bojacá,25,Cundinamarca,Municipio,4.737205,-74.344594,11019,9176,1843,11432,102.3
25120,Cabrera,25,Cundinamarca,Municipio,3.985164,-74.484549,4931,1464,3467,4953,421.8
25123,Cachipay,25,Cundinamarca,Municipio,4.730957,-74.435711,10366,4356,6010,10354,53.5
25126,Cajicá,25,Cundinamarca,Municipio,4.920009,-74.02298,126436,79761,46675,139763,51.3
25148,Caparrapí,25,Cundinamarca,Municipio,5.34758,-74.491045,11089,3561,7528,10188,615.7
25151,Cáqueza,25,Cundinamarca,Municipio,4.404112,-73.946473,18247,9468,8779,18439,111.5
25154,Carmen de Carupa,25,Cundinamarca,Municipio,5.349119,-73.901357,7778,2866,4912,7705,298.5
25168,Chaguaní,25,Cundinamarca,Municipio,4.948916,-74.593455,4402,1304,3098,4421,172.0
25175,Chía,25,Cundinamarca,Municipio,4.866508,-74.05,177550,139448,38102,192703,80.2
25178,Chipaque,25,Cundinamarca,Municipio,4.442671,-74.044876,10254,3699,6555,10399,150.5
25181,Choachí,25,Cundinamarca,Municipio,4.527048,-73.922894,11302,5164,6138,11215,212.4
25183,Chocontá,25,Cundinamarca,Municipio,5.145224,-73.683533,22093,13229,8864,22483,300.2
25200,Cogua,25,Cundinamarca,Municipio,5.061842,-73.978497,25806,11039,14767,27311,132.9
25214,Cota,25,Cundinamarca,Municipio,4.812564,-74.102569,48798,29333,19465,53210,53.7
25224,Cucunubá,25,Cundinamarca,Municipio,5.249795,-73.766113,8367,1868,6499,8575,109.8
25245,El Colegio,25,Cundinamarca,Municipio,4.577951,-74.442261,27387,13688,13699,28716,118.3
25258,El Peñón,25,Cundinamarca,Municipio,5.248747,-74.290207,4719,970,3749,4607,134.1
25260,El Rosal,25,Cundinamarca,Municipio,4.850589,-74.263103,27654,25305,2349,29662,87.2
25269,Facatativá,25,Cundinamarca,Municipio,4.813353,-74.350085,168471,157606,10865,182107,158.0
25279,Fómeque,25,Cundinamarca,Municipio,4.485474,-73.892523,12363,6380,5983,12316,460.2
25281,Fosca,25,Cundinamarca,Municipio,4.339093,-73.93902,5534,1744,3790,5273,111.2
25286,Funza,25,Cundinamarca,Municipio,4.710412,-74.201528,125880,121598,4282,141018,67.8
25288,Fúquene,25,Cundinamarca,Municipio,5.403997,-73.795855,4926,516,4410,4823,77.5
25290,Fusagasugá,25,Cundinamarca,Municipio,4.336723,-74.37543,162844,141800,21044,174231,194.0
25293,Gachalá,25,Cundinamarca,Municipio,4.693579,-73.520161,4538,1880,2658,4499,385.0
25295,Gachancipá,25,Cundinamarca,Municipio,4.990947,-73.873464,21830,15981,5849,23615,43.1
25297,Gachetá,25,Cundinamarca,Municipio,4.816411,-73.636377,8615,4152,4463,8568,258.9
25299,Gama,25,Cundinamarca,Municipio,4.763325,-73.611037,3206,1019,2187,3173,107.7
25307,Girardot,25,Cundinamarca,Municipio,4.313069,-74.798201,104326,100704,3622,104872,130.2
25312,Granada,25,Cundinamarca,Municipio,4.519763,-74.350766,7689,2595,5094,7783,60.7
25317,Guachetá,25,Cundinamarca,Municipio,5.383378,-73.686972,15106,7757,7349,15775,170.2
25320,Guaduas,25,Cundinamarca,Municipio,5.072076,-74.603402,30669,16016,14653,30212,763.7
25322,Guasca,25,Cundinamarca,Municipio,4.866719,-73.877143,18176,8752,9424,19372,360.6
25324,Guataquí,25,Cundinamarca,Municipio,4.517517,-74.790058,3195,1612,1583,3317,91.0
25326,Guatavita,25,Cundinamarca,Municipio,4.935211,-73.83293,6357,2726,3631,6257,252.4
25328,Guayabal de Síquima,25,Cundinamarca,Municipio,4.877968,-74.467437,5227,1600,3627,5550,61.9
25335,Guayabetal,25,Cundinamarca,Municipio,4.215306,-73.815107,7142,2799,4343,7377,222.8
25339,Gutiérrez,25,Cundinamarca,Municipio,4.254679,-74.003042,3517,1288,2229,3477,453.2
25368,Jerusalén,25,Cundinamarca,Municipio,4.562273,-74.695474,2115,886,1229,2006,221.9
25372,Junín,25,Cundinamarca,Municipio,4.79057,-73.662961,4854,1086,3768,4308,343.8
25377,La Calera,25,Cundinamarca,Municipio,4.721104,-73.968161,44374,18940,25434,47846,326.5
25386,La Mesa,25,Cundinamarca,Municipio,4.631028,-74.461588,38076,22548,15528,40315,148.2
25394,La Palma,25,Cundinamarca,Municipio,5.358816,-74.391022,9725,4899,4826,9649,190.8
25398,La Peña,25,Cundinamarca,Municipio,5.198945,-74.394105,6060,1511,4549,6019,128.5
25402,La Vega,25,Cundinamarca,Municipio,4.997768,-74.336885,19326,8596,10730,19912,155.4
25407,Lenguazaque,25,Cundinamarca,Municipio,5.306131,-73.711512,10704,3792,6912,10791,155.6
25426,Machetá,25,Cundinamarca,Municipio,5.08007,-73.608226,6285,2198,4087,6228,229.2
25430,Madrid,25,Cundinamarca,Municipio,4.732791,-74.265854,146635,139712,6923,159805,119.6
25436,Manta,25,Cundinamarca,Municipio,5.009008,-73.540444,3420,1185,2235,3203,107.9
25438,Medina,25,Cundinamarca,Municipio,4.506298,-73.348449,8581,5254,3327,8604,1196.7
25473,Mosquera,25,Cundinamarca,Municipio,4.70653,-74.221154,185735,182389,3346,207437,105.9
25483,Nariño,25,Cundinamarca,Municipio,4.399837,-74.824732,2492,1846,646,2518,55.2
25486,Nemocón,25,Cundinamarca,Municipio,5.068705,-73.877888,15058,8253,6805,15790,98.4
25488,Nilo,25,Cundinamarca,Municipio,4.305838,-74.620009,11069,3742,7327,11095,224.7
25489,Nimaima,25,Cundinamarca,Municipio,5.125992,-74.38604,3669,1034,2635,3659,59.5
25491,Nocaima,25,Cundinamarca,Municipio,5.069466,-74.379093,5499,2119,3380,5097,68.9
25506,Venecia,25,Cundinamarca,Municipio,4.089056,-74.478301,4565,1602,2963,4664,122.2
25513,Pacho,25,Cundinamarca,Municipio,5.136907,-74.156132,25012,14881,10131,24896,402.6
25518,Paime,25,Cundinamarca,Municipio,5.370487,-74.152213,3718,719,2999,3390,173.6
25524,Pandi,25,Cundinamarca,Municipio,4.190393,-74.486641,4883,1402,3481,4744,71.7
25530,Paratebueno,25,Cundinamarca,Municipio,4.374832,-73.212825,8909,4402,4507,8968,885.5
25535,Pasca,25,Cundinamarca,Municipio,4.308979,-74.302276,9417,3532,5885,9415,271.7
25572,Puerto Salgar,25,Cundinamarca,Municipio,5.465413,-74.653695,15796,12046,3750,15745,515.9
25580,Pulí,25,Cundinamarca,Municipio,4.682022,-74.71438,3731,1043,2688,3887,197.7
25592,Quebradanegra,25,Cundinamarca,Municipio,5.118076,-74.48014,4957,838,4119,4957,79.9
25594,Quetame,25,Cundinamarca,Municipio,4.329884,-73.863214,5191,1824,3367,5165,137.8
25596,Quipile,25,Cundinamarca,Municipio,4.74481,-74.533705,5561,987,4574,5121,127.7
25599,Apulo,25,Cundinamarca,Municipio,4.520304,-74.593926,8689,4215,4474,8813,122.0
25612,Ricaurte,25,Cundinamarca,Municipio,4.282113,-74.772861,15834,9623,6211,16864,128.3
25645,San Antonio del Tequendama,25,Cundinamarca,Municipio,4.616138,-74.351443,12209,1878,10331,12100,88.6
25649,San Bernardo,25,Cundinamarca,Municipio,4.179433,-74.42296,8732,4182,4550,8730,247.0
25653,San Cayetano,25,Cundinamarca,Municipio,5.332938,-74.024754,4790,1023,3767,4654,287.8
25658,San Francisco,25,Cundinamarca,Municipio,4.972917,-74.289672,13130,6280,6850,14198,118.7
25662,San Juan de Rioseco,25,Cundinamarca,Municipio,4.847575,-74.621919,8443,3587,4856,8448,314.1
25718,Sasaima,25,Cundinamarca,Municipio,4.962167,-74.432628,11493,3635,7858,11656,111.6
25736,Sesquilé,25,Cundinamarca,Municipio,5.04476,-73.796099,13074,4986,8088,13660,141.1
25740,Sibaté,25,Cundinamarca,Municipio,4.492625,-74.257874,40496,27027,13469,40975,122.1
25743,Silvania,25,Cundinamarca,Municipio,4.381981,-74.405534,22561,8797,13764,22598,162.6
25745,Simijaca,25,Cundinamarca,Municipio,5.505231,-73.850703,14680,9597,5083,15404,96.7
25754,Soacha,25,Cundinamarca,Municipio,4.579268,-74.215463,895878,888398,7480,999500,187.4
25758,Sopó,25,Cundinamarca,Municipio,4.915395,-73.943328,34015,22576,11439,35880,111.1
25769,Subachoque,25,Cundinamarca,Municipio,4.929118,-74.172773,18259,10193,8066,19351,209.2
25772,Suesca,25,Cundinamarca,Municipio,5.103495,-73.798227,19762,10339,9423,20877,173.1
25777,Supatá,25,Cundinamarca,Municipio,5.06162,-74.235403,5592,2152,3440,5676,130.4
25779,Susa,25,Cundinamarca,Municipio,5.455291,-73.813938,6601,2778,3823,6561,104.2
25781,Sutatausa,25,Cundinamarca,Municipio,5.247482,-73.853159,7004,2821,4183,7479,64.9
25785,Tabio,25,Cundinamarca,Municipio,4.916832,-74.096461,23125,8558,14567,23365,75.2
25793,Tausa,25,Cundinamarca,Municipio,5.196333,-73.887813,8658,2225,6433,8743,201.9
25797,Tena,25,Cundinamarca,Municipio,4.655286,-74.389193,11534,1623,9911,12364,51.4
25799,Tenjo,25,Cundinamarca,Municipio,4.872014,-74.143724,25385,12387,12998,26739,114.2
25805,Tibacuy,25,Cundinamarca,Municipio,4.348605,-74.452662,4222,815,3407,4099,84.8
25807,Tibirita,25,Cundinamarca,Municipio,5.052278,-73.504514,3384,792,2592,3440,56.5
25815,Tocaima,25,Cundinamarca,Municipio,4.459279,-74.636296,16083,10691,5392,16074,245.8
25817,Tocancipá,25,Cundinamarca,Municipio,4.964641,-73.91207,50587,23617,26970,54172,73.2
25823,Topaipí,25,Cundinamarca,Municipio,5.336224,-74.300626,3935,980,2955,3749,143.7
25839,Ubalá,25,Cundinamarca,Municipio,4.74762,-73.531489,7908,2083,5825,7840,522.5
25841,Ubaque,25,Cundinamarca,Municipio,4.483788,-73.933477,6923,1684,5239,6851,107.1
25843,Villa de San Diego de Ubaté,25,Cundinamarca,Municipio,5.307463,-73.814367,48587,38660,9927,51067,102.3
25845,Une,25,Cundinamarca,Municipio,4.40245,-74.025183,6630,3954,2676,6337,209.1
25851,Útica,25,Cundinamarca,Municipio,5.19055,-74.483154,4344,2706,1638,4309,92.1
25862,Vergara,25,Cundinamarca,Municipio,5.117258,-74.346163,6648,1674,4974,6367,144.7
25867,Vianí,25,Cundinamarca,Municipio,4.875208,-74.56132,4676,1916,2760,4760,67.1
25871,Villagómez,25,Cundinamarca,Municipio,5.273024,-74.195145,1605,680,925,1501,63.0
25873,Villapinzón,25,Cundinamarca,Municipio,5.216393,-73.595704,18305,8220,10085,18510,226.2
25875,Villeta,25,Cundinamarca,Municipio,5.012754,-74.469686,29687,21584,8103,30625,140.9
25878,Viotá,25,Cundinamarca,Municipio,4.43935,-74.523131,13496,5292,8204,13397,201.3
25885,Yacopí,25,Cundinamarca,Municipio,5.459272,-74.33806,10779,3433,7346,9835,956.8
25898,Zipacón,25,Cundinamarca,Municipio,4.759932,-74.379566,4649,1591,3058,4513,54.3
25899,Zipaquirá,25,Cundinamarca,Municipio,5.025477,-73.994444,169869,134116,35753,181778,194.8
27001,Quibdó,27,Chocó,Municipio,5.682166,-76.638144,143332,122692,20640,148906,3507.1
27006,Acandí,27,Chocó,Municipio,8.512178,-77.279951,16455,6863,9592,17229,797.6
27025,Alto Baudó,27,Chocó,Municipio,5.516221,-76.974373,29358,3149,26209,30076,2050.4
27050,Atrato,27,Chocó,Municipio,5.531419,-76.635674,6532,2987,3545,6705,421.6
27073,Bagadó,27,Chocó,Municipio,5.409681,-76.416063,12936,2513,10423,13889,807.5
27075,Bahía Solano,27,Chocó,Municipio,6.222807,-77.401359,10943,6573,4370,11256,895.3
27077,Bajo Baudó,27,Chocó,Municipio,4.954576,-77.365717,35053,7317,27736,36255,3479.3
27099,Bojayá,27,Chocó,Municipio,6.559708,-76.886773,13290,1000,12290,13735,3630.7
27135,El Cantón del San Pablo,27,Chocó,Municipio,5.335321,-76.726844,6585,2956,3629,6768,380.5
27150,Carmen del Darién,27,Chocó,Municipio,7.158294,-76.970798,21673,2204,19469,22293,3180.7
27160,Cértegui,27,Chocó,Municipio,5.371373,-76.607619,6063,3455,2608,6258,423.4
27205,Condoto,27,Chocó,Municipio,5.091003,-76.650683,12620,9710,2910,12447,467.7
27245,El Carmen de Atrato,27,Chocó,Municipio,5.899789,-76.142112,8768,2543,6225,8987,830.2
27250,El Litoral del San Juan,27,Chocó,Municipio,4.259564,-77.363702,27635,1741,25894,30139,4135.0
27361,Istmina,27,Chocó,Municipio,5.153946,-76.68518,36717,26467,10250,39583,1880.0
27372,Juradó,27,Chocó,Municipio,7.103619,-77.762751,8761,3021,5740,9670,1252.2
27413,Lloró,27,Chocó,Municipio,5.49789,-76.545147,10485,3428,7057,10776,842.9
27425,Medio Atrato,27,Chocó,Municipio,5.994935,-76.783042,11341,794,10547,11606,1812.9
27430,Medio Baudó,27,Chocó,Municipio,5.192471,-76.950891,17617,2307,15310,18822,1372.0
27450,Medio San Juan,27,Chocó,Municipio,5.098291,-76.694409,11296,2632,8664,11598,660.6
27491,Nóvita,27,Chocó,Municipio,4.956063,-76.609467,10016,3721,6295,10324,944.3
27493,Nuevo Belén de Bajirá,27,Chocó,Municipio,7.3719,-76.71727,30508,12684,17824,31525,
27495,Nuquí,27,Chocó,Municipio,5.709812,-77.265507,18970,1332,17638,19552,704.1
27580,Río Iró,27,Chocó,Municipio,5.1863,-76.472925,5848,1548,4300,5981,325.1
27600,Río Quito,27,Chocó,Municipio,5.483667,-76.740684,8477,2190,6287,8495,699.0
27615,Riosucio,27,Chocó,Municipio,7.436704,-77.113156,30386,14861,15525,30644,7607.6
27660,San José del Palmar,27,Chocó,Municipio,4.896954,-76.234227,5136,1163,3973,5110,1582.2
27745,Sipí,27,Chocó,Municipio,4.65262,-76.643453,3378,712,2666,3474,1580.7
27787,Tadó,27,Chocó,Municipio,5.264873,-76.558571,19486,11436,8050,20053,714.8
27800,Unguía,27,Chocó,Municipio,8.04406,-77.092538,12481,3422,9059,11894,1190.3
27810,Unión Panamericana,27,Chocó,Municipio,5.281108,-76.630143,7322,3033,4289,7520,177.8
41001,Neiva,41,Huila,Municipio,2.935432,-75.277327,408218,382081,26137,429434,1269.8
41006,Acevedo,41,Huila,Municipio,1.805173,-75.888706,26282,4824,21458,26771,540.5
41013,Agrado,41,Huila,Municipio,2.25987,-75.772022,9401,6077,3324,9585,273.7
41016,Aipe,41,Huila,Municipio,3.223996,-75.239017,17510,11500,6010,18020,795.6
41020,Algeciras,41,Huila,Municipio,2.521674,-75.315389,22750,11063,11687,22548,589.7
41026,Altamira,41,Huila,Municipio,2.063841,-75.788471,4825,2698,2127,5020,181.0
41078,Baraya,41,Huila,Municipio,3.152204,-75.054843,8137,3849,4288,7940,786.0
41132,Campoalegre,41,Huila,Municipio,2.686767,-75.325748,31970,24372,7598,31947,462.8
41206,Colombia,41,Huila,Municipio,3.376745,-74.802815,7761,2256,5505,7924,1585.0
41244,Elías,41,Huila,Municipio,2.012854,-75.938301,4821,1628,3193,5015,80.4
41298,Garzón,41,Huila,Municipio,2.196493,-75.627057,76970,41201,35769,78215,606.5
41306,Gigante,41,Huila,Municipio,2.384031,-75.547681,23353,9334,14019,22455,503.7
41319,Guadalupe,41,Huila,Municipio,2.02426,-75.757185,18602,5587,13015,18714,249.6
41349,Hobo,41,Huila,Municipio,2.580812,-75.447697,8175,6302,1873,8537,194.2
41357,Íquira,41,Huila,Municipio,2.649359,-75.634497,9857,2771,7086,10043,356.5
41359,Isnos,41,Huila,Municipio,1.929467,-76.217637,26820,6520,20300,27313,370.7
41378,La Argentina,41,Huila,Municipio,2.198496,-75.979763,14169,5331,8838,14648,356.4
41396,La Plata,41,Huila,Municipio,2.389263,-75.891254,69514,29206,40308,73100,814.7
41483,Nátaga,41,Huila,Municipio,2.5451,-75.808756,7143,2922,4221,7382,131.9
41503,Oporapa,41,Huila,Municipio,2.025088,-75.995165,12490,2452,10038,12744,155.8
41518,Paicol,41,Huila,Municipio,2.449651,-75.773158,7856,3306,4550,8470,278.3
41524,Palermo,41,Huila,Municipio,2.889649,-75.435296,26662,12650,14012,26476,884.3
41530,Palestina,41,Huila,Municipio,1.723725,-76.133251,12014,1809,10205,12300,178.2
41548,Pital,41,Huila,Municipio,2.266618,-75.804544,14869,5285,9584,15220,193.7
41551,Pitalito,41,Huila,Municipio,1.852631,-76.049441,145949,85877,60072,155718,630.7
41615,Rivera,41,Huila,Municipio,2.777586,-75.258753,29544,14137,15407,31582,251.2
41660,Saladoblanco,41,Huila,Municipio,1.9934,-76.044747,10813,1875,8938,10853,466.6
41668,San Agustín,41,Huila,Municipio,1.881081,-76.27036,36348,12167,24181,37577,1390.4
41676,Santa María,41,Huila,Municipio,2.939603,-75.586223,10798,2574,8224,10863,339.4
41770,Suaza,41,Huila,Municipio,1.976051,-75.79525,26697,5300,21397,28547,429.7
41791,Tarqui,41,Huila,Municipio,2.111325,-75.823976,19002,5952,13050,19560,362.8
41797,Tesalia,41,Huila,Municipio,2.486364,-75.730271,12440,6171,6269,13249,367.0
41799,Tello,41,Huila,Municipio,3.067538,-75.138773,12653,5621,7032,12954,530.4
41801,Teruel,41,Huila,Municipio,2.740968,-75.567034,8277,4408,3869,8245,471.7
41807,Timaná,41,Huila,Municipio,1.974539,-75.932167,23619,8361,15258,24213,185.7
41872,Villavieja,41,Huila,Municipio,3.218822,-75.217174,7464,2459,5005,7430,543.9
41885,Yaguará,41,Huila,Municipio,2.664694,-75.518023,8074,6736,1338,8120,332.9
44001,Riohacha,44,La Guajira,Municipio,11.528588,-72.911795,211811,155181,56630,214081,3088.7
44035,Albania,44,La Guajira,Municipio,11.151628,-72.61232,37644,22310,15334,40645,546.0
44078,Barrancas,44,La Guajira,Municipio,10.958669,-72.793639,44229,21794,22435,46543,800.9
44090,Dibulla,44,La Guajira,Municipio,11.27155,-73.307598,51070,7930,43140,55252,1750.0
44098,Distracción,44,La Guajira,Municipio,10.898414,-72.887405,14375,7161,7214,14338,231.9
44110,El Molino,44,La Guajira,Municipio,10.653505,-72.92673,7469,7052,417,7301,242.2
44279,Fonseca,44,La Guajira,Municipio,10.886734,-72.846319,56479,50182,6297,61133,473.5
44378,Hatonuevo,44,La Guajira,Municipio,11.068864,-72.75904,23834,15337,8497,24702,214.6
44420,La Jagua del Pilar,44,La Guajira,Municipio,10.511862,-73.072638,4285,2853,1432,4515,179.6
44430,Maicao,44,La Guajira,Municipio,11.378535,-72.242738,218184,141760,76424,234707,1768.7
44560,Manaure,44,La Guajira,Municipio,11.773767,-72.438739,98481,13637,84844,101435,1619.7
44650,San Juan del Cesar,44,La Guajira,Municipio,10.769546,-73.000629,60551,43084,17467,65471,1313.7
44847,Uribia,44,La Guajira,Municipio,11.711904,-72.265906,208712,13532,195180,222830,7886.1
44855,Urumita,44,La Guajira,Municipio,10.560169,-73.012507,12002,10786,1216,12500,246.3
44874,Villanueva,44,La Guajira,Municipio,10.608774,-72.977583,33492,31795,1697,34737,260.1
47001,Santa Marta,47,Magdalena,Municipio,11.204679,-74.199829,588662,526978,61684,609461,2347.1
47030,Algarrobo,47,Magdalena,Municipio,10.188059,-74.061132,19293,12081,7212,20450,406.4
47053,Aracataca,47,Magdalena,Municipio,10.589791,-74.186702,44885,25704,19181,45242,1740.8
47058,Ariguaní,47,Magdalena,Municipio,9.847047,-74.236515,31190,19143,12047,30114,1131.7
47161,Cerro de San Antonio,47,Magdalena,Municipio,10.325531,-74.868474,11734,6386,5348,12362,177.2
47170,Chibolo,47,Magdalena,Municipio,10.026631,-74.622242,26975,16837,10138,28759,536.5
47189,Ciénaga,47,Magdalena,Municipio,11.006654,-74.241286,139759,122730,17029,143759,1324.8
47205,Concordia,47,Magdalena,Municipio,10.257314,-74.83303,11198,4313,6885,11189,109.5
47245,El Banco,47,Magdalena,Municipio,9.008503,-73.97437,76577,45305,31272,78699,814.9
47258,El Piñón,47,Magdalena,Municipio,10.402781,-74.823094,26974,8541,18433,28308,557.1
47268,El Retén,47,Magdalena,Municipio,10.610488,-74.268444,21315,16447,4868,21101,262.2
47288,Fundación,47,Magdalena,Municipio,10.514146,-74.191453,76845,64516,12329,78734,971.9
47318,Guamal,47,Magdalena,Municipio,9.144354,-74.223689,28581,8017,20564,28015,564.5
47460,Nueva Granada,47,Magdalena,Municipio,9.80186,-74.391841,23393,9429,13964,24633,842.1
47541,Pedraza,47,Magdalena,Municipio,10.18825,-74.9154,10436,3176,7260,10682,325.5
47545,Pijiño del Carmen,47,Magdalena,Municipio,9.331922,-74.459034,14387,6375,8012,14936,661.6
47551,Pivijay,47,Magdalena,Municipio,10.460707,-74.613312,40843,23675,17168,41288,1640.4
47555,Plato,47,Magdalena,Municipio,9.796713,-74.784549,75598,57899,17699,80675,1457.3
47570,Puebloviejo,47,Magdalena,Municipio,10.994766,-74.28253,34782,10347,24435,35575,675.5
47605,Remolino,47,Magdalena,Municipio,10.701952,-74.716172,14068,9079,4989,14972,594.9
47660,Sabanas de San Ángel,47,Magdalena,Municipio,10.032536,-74.213946,16783,4699,12084,16784,1239.0
47675,Salamina,47,Magdalena,Municipio,10.491229,-74.794189,13105,8719,4386,13932,170.5
47692,San Sebastián de Buenavista,47,Magdalena,Municipio,9.241656,-74.351498,22033,6176,15857,22132,437.6
47703,San Zenón,47,Magdalena,Municipio,9.245061,-74.498992,14415,1311,13104,15132,268.9
47707,Santa Ana,47,Magdalena,Municipio,9.324294,-74.566845,28702,16052,12650,29507,1120.4
47720,Santa Bárbara de Pinto,47,Magdalena,Municipio,9.432263,-74.704667,11017,6831,4186,10885,494.7
47745,Sitionuevo,47,Magdalena,Municipio,10.775285,-74.720021,29009,14865,14144,28998,970.9
47798,Tenerife,47,Magdalena,Municipio,9.898273,-74.859783,14511,7017,7494,14666,492.2
47960,Zapayán,47,Magdalena,Municipio,10.168297,-74.716878,11284,4261,7023,11655,353.3
47980,Zona Bananera,47,Magdalena,Municipio,10.763024,-74.140091,80394,2336,78058,82140,446.5
50001,Villavicencio,50,Meta,Municipio,4.126369,-73.622601,588645,541221,47424,603587,1285.9
50006,Acacías,50,Meta,Municipio,3.990413,-73.766034,105704,79834,25870,112336,1123.7
50110,Barranca de Upía,50,Meta,Municipio,4.566225,-72.961083,8063,5689,2374,8562,403.8
50124,Cabuyaro,50,Meta,Municipio,4.286705,-72.791768,7031,3445,3586,7277,913.7
50150,Castilla la Nueva,50,Meta,Municipio,3.830005,-73.687302,17986,7211,10775,19155,514.7
50223,Cubarral,50,Meta,Municipio,3.793653,-73.837999,7467,4892,2575,7513,1157.9
50226,Cumaral,50,Meta,Municipio,4.270042,-73.487052,24830,16131,8699,25109,625.1
50245,El Calvario,50,Meta,Municipio,4.352665,-73.713325,1924,686,1238,1919,277.9
50251,El Castillo,50,Meta,Municipio,3.563907,-73.794225,8542,3204,5338,8623,568.2
50270,El Dorado,50,Meta,Municipio,3.739984,-73.835264,4163,1481,2682,4204,117.3
50287,Fuente de Oro,50,Meta,Municipio,3.462875,-73.618121,12962,7352,5610,13050,571.0
50313,Granada,50,Meta,Municipio,3.547147,-73.705815,74614,62410,12204,75311,348.3
50318,Guamal,50,Meta,Municipio,3.879657,-73.768815,16747,11215,5532,17711,595.7
50325,Mapiripán,50,Meta,Municipio,2.896617,-72.135509,7339,2418,4921,7401,11949.0
50330,Mesetas,50,Meta,Municipio,3.382732,-74.044328,11939,4805,7134,12135,2280.6
50350,La Macarena,50,Meta,Municipio,2.177143,-73.78661,30255,4758,25497,31600,10839.3
50370,Uribe,50,Meta,Municipio,3.239634,-74.351508,9770,2085,7685,9907,6437.2
50400,Lejanías,50,Meta,Municipio,3.525115,-74.023514,12281,5079,7202,12380,815.4
50450,Puerto Concordia,50,Meta,Municipio,2.624006,-72.760209,8742,3396,5346,8828,1242.9
50568,Puerto Gaitán,50,Meta,Municipio,4.314905,-72.087649,56124,27396,28728,61404,17250.1
50573,Puerto López,50,Meta,Municipio,4.09349,-72.957324,32474,19547,12927,32686,6913.3
50577,Puerto Lleras,50,Meta,Municipio,3.272117,-73.37385,10715,3983,6732,10697,2535.8
50590,Puerto Rico,50,Meta,Municipio,2.939621,-73.206314,13574,6654,6920,13656,3428.1
50606,Restrepo,50,Meta,Municipio,4.259556,-73.565408,21850,14416,7434,22835,365.1
50680,San Carlos de Guaroa,50,Meta,Municipio,3.71065,-73.242253,14929,7504,7425,15712,807.8
50683,San Juan de Arama,50,Meta,Municipio,3.373728,-73.875832,9514,4575,4939,9550,1169.1
50686,San Juanito,50,Meta,Municipio,4.458181,-73.676699,1399,754,645,1424,237.4
50689,San Martín,50,Meta,Municipio,3.701899,-73.695812,28531,20504,8027,28684,5933.7
50711,Vistahermosa,50,Meta,Municipio,3.125579,-73.750966,18538,7826,10712,18683,4819.2
52001,Pasto,52,Nariño,Municipio,1.212352,-77.278795,404775,316257,88518,406050,1099.4
52019,Albán,52,Nariño,Municipio,1.474978,-77.080712,9620,2805,6815,9548,38.6
52022,Aldana,52,Nariño,Municipio,0.882381,-77.700564,7840,1672,6168,7986,47.6
52036,Ancuya,52,Nariño,Municipio,1.263276,-77.514512,8803,2172,6631,8706,68.9
52051,Arboleda,52,Nariño,Municipio,1.503418,-77.135467,9249,1296,7953,9567,60.2
52079,Barbacoas,52,Nariño,Municipio,1.671733,-78.13765,65144,14633,50511,67447,2732.9
52083,Belén,52,Nariño,Municipio,1.595681,-77.015619,6253,3259,2994,6168,41.8
52110,Buesaco,52,Nariño,Municipio,1.381453,-77.156463,25325,7085,18240,25824,636.0
52203,Colón,52,Nariño,Municipio,1.643878,-77.019777,8504,1133,7371,8425,61.8
52207,Consacá,52,Nariño,Municipio,1.207854,-77.466136,15520,2463,13057,16051,119.4
52210,Contadero,52,Nariño,Municipio,0.910458,-77.549409,7575,1398,6177,7626,43.2
52215,Córdoba,52,Nariño,Municipio,0.854564,-77.517897,17107,3456,13651,17799,304.6
52224,Cuaspud Carlosama,52,Nariño,Municipio,0.862978,-77.728947,10080,3012,7068,10450,57.1
52227,Cumbal,52,Nariño,Municipio,0.906367,-77.792505,41498,7770,33728,43595,915.3
52233,Cumbitara,52,Nariño,Municipio,1.647163,-77.578616,5944,1698,4246,5877,355.2
52240,Chachagüí,52,Nariño,Municipio,1.360545,-77.281869,16581,4845,11736,16899,146.3
52250,El Charco,52,Nariño,Municipio,2.479688,-78.110217,22503,7530,14973,22818,2490.7
52254,El Peñol,52,Nariño,Municipio,1.453567,-77.438522,7937,1495,6442,8118,119.9
52256,El Rosario,52,Nariño,Municipio,1.745309,-77.33417,13025,1943,11082,13295,520.3
52258,El Tablón de Gómez,52,Nariño,Municipio,1.427277,-77.097101,14728,1656,13072,14774,306.9
52260,El Tambo,52,Nariño,Municipio,1.407913,-77.390772,14572,5511,9061,14573,247.4
52287,Funes,52,Nariño,Municipio,1.001159,-77.448913,7484,3257,4227,7527,394.8
52317,Guachucal,52,Nariño,Municipio,0.959744,-77.731589,20676,3238,17438,20953,155.7
52320,Guaitarilla,52,Nariño,Municipio,1.129574,-77.549824,11572,4460,7112,11489,116.7
52323,Gualmatán,52,Nariño,Municipio,0.919652,-77.568701,7726,3317,4409,7931,30.0
52352,Iles,52,Nariño,Municipio,0.96952,-77.521227,7664,2170,5494,7587,80.5
52354,Imués,52,Nariño,Municipio,1.05506,-77.496339,7864,1083,6781,7872,81.7
52356,Ipiales,52,Nariño,Municipio,0.827732,-77.646367,122747,82073,40674,124902,1571.8
52378,La Cruz,52,Nariño,Municipio,1.601318,-76.970504,19772,8560,11212,20098,238.8
52381,La Florida,52,Nariño,Municipio,1.29753,-77.402882,10081,2047,8034,9994,136.3
52385,La Llanada,52,Nariño,Municipio,1.472892,-77.58091,6565,3228,3337,6509,245.0
52390,La Tola,52,Nariño,Municipio,2.398999,-78.189725,7963,3181,4782,8180,415.9
52399,La Unión,52,Nariño,Municipio,1.600219,-77.131316,35059,14178,20881,36404,142.2
52405,Leiva,52,Nariño,Municipio,1.934453,-77.306135,9740,3075,6665,9680,310.4
52411,Linares,52,Nariño,Municipio,1.350814,-77.523953,10207,2272,7935,10125,135.7
52418,Los Andes,52,Nariño,Municipio,1.494587,-77.521303,9542,4519,5023,9478,956.9
52427,Magüí,52,Nariño,Municipio,1.765633,-78.182924,28738,8765,19973,29904,1808.1
52435,Mallama,52,Nariño,Municipio,1.141037,-77.864549,8906,1251,7655,8769,569.0
52473,Mosquera,52,Nariño,Municipio,2.507139,-78.452992,12092,5740,6352,11984,768.1
52480,Nariño,52,Nariño,Municipio,1.288979,-77.357972,4550,2786,1764,4606,25.3
52490,Olaya Herrera,52,Nariño,Municipio,2.347457,-78.325814,27248,11983,15265,28063,1003.1
52506,Ospina,52,Nariño,Municipio,1.058433,-77.566082,7099,2020,5079,7038,64.8
52520,Francisco Pizarro,52,Nariño,Municipio,2.040629,-78.658361,16116,6364,9752,16867,525.2
52540,Policarpa,52,Nariño,Municipio,1.627196,-77.458686,9870,2669,7201,9792,434.3
52560,Potosí,52,Nariño,Municipio,0.806639,-77.573003,10406,2199,8207,10318,388.3
52565,Providencia,52,Nariño,Municipio,1.237814,-77.596794,5572,1529,4043,5523,39.9
52573,Puerres,52,Nariño,Municipio,0.885125,-77.504211,8466,3509,4957,8327,350.1
52585,Pupiales,52,Nariño,Municipio,0.870442,-77.636042,17207,6234,10973,16875,129.7
52612,Ricaurte,52,Nariño,Municipio,1.212492,-77.995153,23519,2864,20655,25494,1055.7
52621,Roberto Payán,52,Nariño,Municipio,1.697492,-78.245716,12505,3440,9065,12722,1457.7
52678,Samaniego,52,Nariño,Municipio,1.335438,-77.594341,29365,10076,19289,29136,605.0
52683,Sandoná,52,Nariño,Municipio,1.283438,-77.47313,20774,10631,10143,20641,101.6
52685,San Bernardo,52,Nariño,Municipio,1.513762,-77.0475,9165,2619,6546,9111,65.2
52687,San Lorenzo,52,Nariño,Municipio,1.503362,-77.21542,18748,2269,16479,18678,249.1
52693,San Pablo,52,Nariño,Municipio,1.669429,-77.013984,15364,4136,11228,15235,111.9
52694,San Pedro de Cartago,52,Nariño,Municipio,1.551572,-77.11941,6790,835,5955,6701,55.6
52696,Santa Bárbara,52,Nariño,Municipio,2.449653,-77.979916,14357,3964,10393,14751,1224.6
52699,Santacruz,52,Nariño,Municipio,1.222589,-77.677035,10629,1496,9133,10547,540.6
52720,Sapuyes,52,Nariño,Municipio,1.037536,-77.62028,7344,1437,5907,7294,115.5
52786,Taminango,52,Nariño,Municipio,1.570358,-77.2808,18485,4193,14292,18616,234.7
52788,Tangua,52,Nariño,Municipio,1.09482,-77.393735,14744,3097,11647,15114,218.0
52835,San Andrés de Tumaco,52,Nariño,Municipio,1.807399,-78.764073,277065,95897,181168,285032,3611.5
52838,Túquerres,52,Nariño,Municipio,1.085044,-77.61672,47615,18610,29005,48602,216.3
52885,Yacuanquer,52,Nariño,Municipio,1.115937,-77.400169,11751,3621,8130,12042,102.7
54001,San José de Cúcuta,54,Norte de Santander,Municipio,7.905725,-72.508178,792180,761043,31137,784007,1133.5
54003,Ábrego,54,Norte de Santander,Municipio,8.081616,-73.221722,36622,18939,17683,37808,1382.4
54051,Arboledas,54,Norte de Santander,Municipio,7.642985,-72.798952,10682,2550,8132,10732,456.1
54099,Bochalema,54,Norte de Santander,Municipio,7.612192,-72.64701,9754,3636,6118,10183,170.3
54109,Bucarasica,54,Norte de Santander,Municipio,8.041299,-72.868231,7844,715,7129,8273,270.8
54125,Cácota,54,Norte de Santander,Municipio,7.268705,-72.642059,3168,1086,2082,3204,138.9
54128,Cáchira,54,Norte de Santander,Municipio,7.741248,-73.048983,12216,2121,10095,12279,615.8
54172,Chinácota,54,Norte de Santander,Municipio,7.603112,-72.601162,20633,13268,7365,21652,166.3
54174,Chitagá,54,Norte de Santander,Municipio,7.138187,-72.665468,13511,5130,8381,13993,1185.2
54206,Convención,54,Norte de Santander,Municipio,8.470374,-73.3372,21428,8608,12820,22073,931.9
54223,Cucutilla,54,Norte de Santander,Municipio,7.539633,-72.772816,8565,1647,6918,8403,374.9
54239,Durania,54,Norte de Santander,Municipio,7.714804,-72.658491,5115,2503,2612,5203,175.0
54245,El Carmen,54,Norte de Santander,Municipio,8.510579,-73.446687,15140,2580,12560,15570,1727.7
54250,El Tarra,54,Norte de Santander,Municipio,8.574281,-73.09614,28561,12368,16193,31707,704.1
54261,El Zulia,54,Norte de Santander,Municipio,7.938572,-72.604717,32036,19069,12967,32702,505.3
54313,Gramalote,54,Norte de Santander,Municipio,7.916946,-72.787233,8669,2953,5716,8996,149.0
54344,Hacarí,54,Norte de Santander,Municipio,8.321506,-73.145997,10790,1571,9219,10691,419.0
54347,Herrán,54,Norte de Santander,Municipio,7.506541,-72.483519,8791,1626,7165,9395,107.0
54377,Labateca,54,Norte de Santander,Municipio,7.298414,-72.495983,7094,1877,5217,7220,256.0
54385,La Esperanza,54,Norte de Santander,Municipio,7.639839,-73.328126,12632,1961,10671,12688,669.9
54398,La Playa,54,Norte de Santander,Municipio,8.21124,-73.239986,8743,1056,7687,8976,242.2
54405,Los Patios,54,Norte de Santander,Municipio,7.833186,-72.505612,104819,101957,2862,106692,127.6
54418,Lourdes,54,Norte de Santander,Municipio,7.945631,-72.832376,4635,2203,2432,4818,86.6
54480,Mutiscua,54,Norte de Santander,Municipio,7.300469,-72.747169,4708,920,3788,4779,158.8
54498,Ocaña,54,Norte de Santander,Municipio,8.248574,-73.35607,139932,125681,14251,145490,522.6
54518,Pamplona,54,Norte de Santander,Municipio,7.372802,-72.647714,52318,48474,3844,51548,298.3
54520,Pamplonita,54,Norte de Santander,Municipio,7.436745,-72.639111,6314,1333,4981,6524,170.9
54553,Puerto Santander,54,Norte de Santander,Municipio,8.359993,-72.411363,9572,8930,642,9556,44.9
54599,Ragonvalia,54,Norte de Santander,Municipio,7.577861,-72.476708,6793,3304,3489,7018,97.7
54660,Salazar,54,Norte de Santander,Municipio,7.773683,-72.813064,11618,4471,7147,11876,493.9
54670,San Calixto,54,Norte de Santander,Municipio,8.40214,-73.208622,13849,2580,11269,14220,398.0
54673,San Cayetano,54,Norte de Santander,Municipio,7.875695,-72.625459,8946,2798,6148,9295,139.3
54680,Santiago,54,Norte de Santander,Municipio,7.865856,-72.716203,4200,2200,2000,4506,172.5
54720,Sardinata,54,Norte de Santander,Municipio,8.082105,-72.800577,29088,11208,17880,29910,1467.7
54743,Silos,54,Norte de Santander,Municipio,7.204736,-72.757128,7374,1100,6274,7666,316.9
54800,Teorama,54,Norte de Santander,Municipio,8.438134,-73.28707,18671,3075,15596,19182,927.1
54810,Tibú,54,Norte de Santander,Municipio,8.639891,-72.734496,70336,25975,44361,75753,2680.1
54820,Toledo,54,Norte de Santander,Municipio,7.307692,-72.481915,17799,6228,11571,18319,1480.7
54871,Villa Caro,54,Norte de Santander,Municipio,7.914244,-72.973601,5412,2429,2983,5368,401.1
54874,Villa del Rosario,54,Norte de Santander,Municipio,7.847672,-72.469758,127234,123181,4053,133345,90.6
63001,Armenia,63,Quindío,Municipio,4.53598,-75.680786,307103,298815,8288,307641,121.6
63111,Buenavista,63,Quindío,Municipio,4.360029,-75.739572,3165,1213,1952,3087,38.5
63130,Calarcá,63,Quindío,Municipio,4.520982,-75.646085,74399,57323,17076,73505,220.8
63190,Circasia,63,Quindío,Municipio,4.617759,-75.636533,28971,21536,7435,28639,90.3
63212,Córdoba,63,Quindío,Municipio,4.392485,-75.687866,5863,3470,2393,5790,93.0
63272,Filandia,63,Quindío,Municipio,4.674338,-75.658387,12345,6795,5550,12151,106.6
63302,Génova,63,Quindío,Municipio,4.206641,-75.790402,7694,4318,3376,7559,294.9
63401,La Tebaida,63,Quindío,Municipio,4.453755,-75.786887,33758,30338,3420,33230,89.4
63470,Montenegro,63,Quindío,Municipio,4.565057,-75.749827,37483,30669,6814,37084,149.1
63548,Pijao,63,Quindío,Municipio,4.335036,-75.703329,5347,3006,2341,5250,248.6
63594,Quimbaya,63,Quindío,Municipio,4.624387,-75.765074,31350,25378,5972,31008,133.5
63690,Salento,63,Quindío,Municipio,4.637157,-75.570844,10372,4257,6115,10478,347.3
66001,Pereira,66,Risaralda,Municipio,4.804985,-75.719711,487820,409683,78137,487471,608.2
66045,Apía,66,Risaralda,Municipio,5.106526,-75.942356,12698,5919,6779,12460,150.0
66075,Balboa,66,Risaralda,Municipio,4.949096,-75.958663,6601,1738,4863,6414,119.5
66088,Belén de Umbría,66,Risaralda,Municipio,5.200793,-75.868334,25277,13413,11864,24834,180.6
66170,Dosquebradas,66,Risaralda,Municipio,4.833131,-75.675371,246388,234946,11442,257497,70.1
66318,Guática,66,Risaralda,Municipio,5.315367,-75.799005,12461,4058,8403,12198,100.8
66383,La Celia,66,Risaralda,Municipio,5.002787,-76.0032,7700,3145,4555,7542,92.5
66400,La Virginia,66,Risaralda,Municipio,4.896624,-75.880394,28386,27764,622,28219,32.8
66440,Marsella,66,Risaralda,Municipio,4.935771,-75.73879,17320,9332,7988,17022,149.3
66456,Mistrató,66,Risaralda,Municipio,5.297039,-75.882886,18515,4715,13800,18572,564.7
66572,Pueblo Rico,66,Risaralda,Municipio,5.222043,-76.030801,18544,3657,14887,18766,613.8
66594,Quinchía,66,Risaralda,Municipio,5.340456,-75.730431,28053,8208,19845,27390,140.1
66682,Santa Rosa de Cabal,66,Risaralda,Municipio,4.876271,-75.623268,84054,70752,13302,85398,543.5
66687,Santuario,66,Risaralda,Municipio,5.074911,-75.964628,12968,6836,6132,12747,190.9
68001,Bucaramanga,68,Santander,Municipio,7.11647,-73.132562,618548,607951,10597,619876,152.9
68013,Aguada,68,Santander,Municipio,6.162355,-73.523132,1912,410,1502,1892,75.2
68020,Albania,68,Santander,Municipio,5.759166,-73.91336,4245,770,3475,4208,166.2
68051,Aratoca,68,Santander,Municipio,6.694418,-73.01786,8844,2916,5928,8762,169.8
68077,Barbosa,68,Santander,Municipio,5.932531,-73.615965,34242,26273,7969,35027,46.7
68079,Barichara,68,Santander,Municipio,6.634111,-73.223047,13156,4345,8811,13928,137.3
68081,Barrancabermeja,68,Santander,Municipio,7.064857,-73.849243,230559,202927,27632,236400,1326.8
68092,Betulia,68,Santander,Municipio,6.899525,-73.283669,6886,1779,5107,7086,431.2
68101,Bolívar,68,Santander,Municipio,5.988953,-73.771346,11573,2008,9565,11468,1010.1
68121,Cabrera,68,Santander,Municipio,6.592118,-73.246475,2116,510,1606,2110,65.6
68132,California,68,Santander,Municipio,7.347989,-72.946491,2536,1217,1319,2645,45.0
68147,Capitanejo,68,Santander,Municipio,6.527394,-72.695427,6334,4209,2125,6564,85.3
68152,Carcasí,68,Santander,Municipio,6.629016,-72.627099,4929,862,4067,5095,258.9
68160,Cepitá,68,Santander,Municipio,6.753518,-72.973536,2182,671,1511,2159,108.0
68162,Cerrito,68,Santander,Municipio,6.840405,-72.694851,7606,4069,3537,7732,421.1
68167,Charalá,68,Santander,Municipio,6.284339,-73.146873,13922,8743,5179,14263,419.2
68169,Charta,68,Santander,Municipio,7.28082,-72.968798,3325,964,2361,3433,126.7
68176,Chimá,68,Santander,Municipio,6.344348,-73.373656,3319,1090,2229,3399,173.2
68179,Chipatá,68,Santander,Municipio,6.062521,-73.637111,5248,847,4401,5215,94.9
68190,Cimitarra,68,Santander,Municipio,6.320886,-73.953011,33807,16109,17698,33588,3174.3
68207,Concepción,68,Santander,Municipio,6.768908,-72.694567,6111,3196,2915,6061,337.1
68209,Confines,68,Santander,Municipio,6.357327,-73.240554,3712,958,2754,3819,71.4
68211,Contratación,68,Santander,Municipio,6.290561,-73.474426,4247,3312,935,4410,137.2
68217,Coromoro,68,Santander,Municipio,6.294999,-73.040816,5796,1086,4710,5937,577.5
68229,Curití,68,Santander,Municipio,6.605099,-73.069383,14751,5840,8911,15184,244.2
68235,El Carmen de Chucurí,68,Santander,Municipio,6.700038,-73.51066,24855,4598,20257,25853,924.0
68245,El Guacamayo,68,Santander,Municipio,6.245111,-73.496908,2216,826,1390,2219,93.0
68250,El Peñón,68,Santander,Municipio,6.05537,-73.815532,5321,918,4403,5216,398.2
68255,El Playón,68,Santander,Municipio,7.470715,-73.20287,15294,8476,6818,15478,455.0
68264,Encino,68,Santander,Municipio,6.137429,-73.098749,2926,732,2194,3030,400.4
68266,Enciso,68,Santander,Municipio,6.668034,-72.699647,3997,1183,2814,4125,74.8
68271,Florián,68,Santander,Municipio,5.804659,-73.97143,5699,1500,4199,5658,176.6
68276,Floridablanca,68,Santander,Municipio,7.072329,-73.099104,315194,302462,12732,318100,100.3
68296,Galán,68,Santander,Municipio,6.638423,-73.287769,3065,988,2077,3022,201.7
68298,Gámbita,68,Santander,Municipio,5.945998,-73.344185,4123,834,3289,4087,608.2
68307,Girón,68,Santander,Municipio,7.070432,-73.166832,177523,157308,20215,181258,493.0
68318,Guaca,68,Santander,Municipio,6.876563,-72.856322,6824,2059,4765,7016,302.4
68320,Guadalupe,68,Santander,Municipio,6.245847,-73.419292,4625,1900,2725,4587,146.3
68322,Guapotá,68,Santander,Municipio,6.308635,-73.320732,2666,864,1802,2677,67.3
68324,Guavatá,68,Santander,Municipio,5.954348,-73.700906,4316,1230,3086,4242,83.8
68327,Güepsa,68,Santander,Municipio,6.025013,-73.575146,5657,3579,2078,5761,30.2
68344,Hato,68,Santander,Municipio,6.543957,-73.308399,2686,877,1809,2763,169.0
68368,Jesús María,68,Santander,Municipio,5.876497,-73.783396,3426,860,2566,3411,89.6
68370,Jordán,68,Santander,Municipio,6.732727,-73.096053,1559,193,1366,1596,39.9
68377,La Belleza,68,Santander,Municipio,5.85925,-73.965494,6342,2035,4307,6294,335.2
68385,Landázuri,68,Santander,Municipio,6.218812,-73.811359,10632,3730,6902,10559,590.2
68397,La Paz,68,Santander,Municipio,6.178509,-73.58959,5077,966,4111,5043,284.3
68406,Lebrija,68,Santander,Municipio,7.113351,-73.219524,52119,30497,21622,55288,550.4
68418,Los Santos,68,Santander,Municipio,6.755203,-73.102739,17263,2648,14615,18071,290.1
68425,Macaravita,68,Santander,Municipio,6.50658,-72.593105,2475,413,2062,2562,102.9
68432,Málaga,68,Santander,Municipio,6.703081,-72.732089,24394,21343,3051,25362,57.2
68444,Matanza,68,Santander,Municipio,7.323175,-73.015566,5727,1832,3895,5907,235.7
68464,Mogotes,68,Santander,Municipio,6.475246,-72.969807,11178,4834,6344,11015,484.0
68468,Molagavita,68,Santander,Municipio,6.67432,-72.809175,4761,897,3864,4889,180.5
68498,Ocamonte,68,Santander,Municipio,6.339988,-73.122563,6631,1214,5417,6846,75.2
68500,Oiba,68,Santander,Municipio,6.26521,-73.299791,11617,5592,6025,11509,286.1
68502,Onzaga,68,Santander,Municipio,6.344104,-72.816766,4819,1644,3175,4963,489.2
68522,Palmar,68,Santander,Municipio,6.537789,-73.29109,1548,592,956,1605,19.7
68524,Palmas del Socorro,68,Santander,Municipio,6.406139,-73.287764,2814,974,1840,2834,58.5
68533,Páramo,68,Santander,Municipio,6.416811,-73.17022,5666,1785,3881,5955,73.0
68547,Piedecuesta,68,Santander,Municipio,6.997245,-73.054795,192888,158430,34458,197233,484.6
68549,Pinchote,68,Santander,Municipio,6.531552,-73.174209,6171,1548,4623,6447,55.5
68572,Puente Nacional,68,Santander,Municipio,5.878381,-73.677567,15349,6290,9059,15378,251.7
68573,Puerto Parra,68,Santander,Municipio,6.650785,-74.056129,9155,3493,5662,9593,762.3
68575,Puerto Wilches,68,Santander,Municipio,7.344057,-73.899909,36524,19221,17303,36942,1508.0
68615,Rionegro,68,Santander,Municipio,7.265014,-73.150177,26899,7502,19397,25946,1168.4
68655,Sabana de Torres,68,Santander,Municipio,7.391919,-73.49906,38400,27134,11266,39791,1402.9
68669,San Andrés,68,Santander,Municipio,6.811511,-72.848864,8773,3516,5257,8419,281.6
68673,San Benito,68,Santander,Municipio,6.126656,-73.50907,3031,408,2623,3003,59.1
68679,San Gil,68,Santander,Municipio,6.551952,-73.134776,71064,62486,8578,77115,146.9
68682,San Joaquín,68,Santander,Municipio,6.427548,-72.867638,2566,1047,1519,2661,143.1
68684,San José de Miranda,68,Santander,Municipio,6.658995,-72.733616,4436,1090,3346,4295,75.3
68686,San Miguel,68,Santander,Municipio,6.575315,-72.644123,2666,795,1871,2613,71.2
68689,San Vicente de Chucurí,68,Santander,Municipio,6.880383,-73.411024,35911,14657,21254,35796,1116.4
68705,Santa Bárbara,68,Santander,Municipio,6.990996,-72.907445,2670,382,2288,2691,221.2
68720,Santa Helena del Opón,68,Santander,Municipio,6.339565,-73.616716,3477,954,2523,3434,373.9
68745,Simacota,68,Santander,Municipio,6.443469,-73.337368,11756,3061,8695,12130,904.7
68755,Socorro,68,Santander,Municipio,6.46387,-73.261198,37153,31030,6123,38480,127.8
68770,Suaita,68,Santander,Municipio,6.101329,-73.44165,10287,2568,7719,10207,285.2
68773,Sucre,68,Santander,Municipio,5.918743,-73.790975,7374,835,6539,7327,522.5
68780,Suratá,68,Santander,Municipio,7.36658,-72.984232,4563,1227,3336,4636,363.0
68820,Tona,68,Santander,Municipio,7.201417,-72.967023,8522,943,7579,8701,330.7
68855,Valle de San José,68,Santander,Municipio,6.448028,-73.143507,7184,3104,4080,7490,81.1
68861,Vélez,68,Santander,Municipio,6.009275,-73.672447,27269,15502,11767,27952,447.7
68867,Vetas,68,Santander,Municipio,7.30981,-72.871041,2154,783,1371,2090,92.4
68872,Villanueva,68,Santander,Municipio,6.670078,-73.174307,9216,5762,3454,9569,97.6
68895,Zapatoca,68,Santander,Municipio,6.814387,-73.268034,10301,7039,3262,10326,364.4
70001,Sincelejo,70,Sucre,Municipio,9.302322,-75.395445,331045,294007,37038,350835,280.0
70110,Buenavista,70,Sucre,Municipio,9.319794,-74.972827,12308,9795,2513,12994,146.5
70124,Caimito,70,Sucre,Municipio,8.789324,-75.117141,18039,4376,13663,18921,412.5
70204,Coloso,70,Sucre,Municipio,9.494192,-75.353256,10421,4561,5860,11014,131.2
70215,Corozal,70,Sucre,Municipio,9.318749,-75.293048,79231,60381,18850,83503,285.9
70221,Coveñas,70,Sucre,Municipio,9.402779,-75.680158,22482,13533,8949,23564,56.6
70230,Chalán,70,Sucre,Municipio,9.545352,-75.312697,4929,3162,1767,5007,83.7
70233,El Roble,70,Sucre,Municipio,9.100647,-75.198378,10654,4646,6008,10745,198.4
70235,Galeras,70,Sucre,Municipio,9.160379,-75.04959,25942,14107,11835,27253,321.9
70265,Guaranda,70,Sucre,Municipio,8.468556,-74.537749,19906,8008,11898,20530,361.9
70400,La Unión,70,Sucre,Municipio,8.853975,-75.276056,14349,6907,7442,15040,232.4
70418,Los Palmitos,70,Sucre,Municipio,9.380269,-75.268716,26166,12707,13459,27185,198.9
70429,Majagual,70,Sucre,Municipio,8.541163,-74.628077,40840,11454,29386,41941,845.2
70473,Morroa,70,Sucre,Municipio,9.331395,-75.305949,17508,10601,6907,18366,170.0
70508,Ovejas,70,Sucre,Municipio,9.527176,-75.229037,24693,12405,12288,24974,460.0
70523,Palmito,70,Sucre,Municipio,9.333157,-75.541264,16607,5658,10949,17543,174.6
70670,Sampués,70,Sucre,Municipio,9.183193,-75.380222,54674,27746,26928,57375,213.9
70678,San Benito Abad,70,Sucre,Municipio,8.930108,-75.031089,32596,6553,26043,33694,1494.2
70702,San Juan de Betulia,70,Sucre,Municipio,9.273066,-75.243565,14937,7544,7393,15257,168.2
70708,San Marcos,70,Sucre,Municipio,8.661774,-75.133831,65526,36460,29066,67961,970.4
70713,San Onofre,70,Sucre,Municipio,9.736955,-75.522398,53481,20721,32760,54026,1035.1
70717,San Pedro,70,Sucre,Municipio,9.39625,-75.063647,21251,13903,7348,22095,213.0
70742,San Luis de Sincé,70,Sucre,Municipio,9.244308,-75.145999,32944,24134,8810,33064,419.0
70771,Sucre,70,Sucre,Municipio,8.811737,-74.723175,34321,7816,26505,35750,1131.2
70820,Santiago de Tolú,70,Sucre,Municipio,9.525387,-75.581112,38666,31302,7364,40645,302.5
70823,Tolú Viejo,70,Sucre,Municipio,9.451819,-75.44085,23536,7111,16425,24079,285.0
73001,Ibagué,73,Tolima,Municipio,4.432248,-75.19425,557317,516862,40455,565198,1377.3
73024,Alpujarra,73,Tolima,Municipio,3.391548,-74.9329,4892,2309,2583,4998,501.5
73026,Alvarado,73,Tolima,Municipio,4.567356,-74.953418,8842,3375,5467,8762,344.3
73030,Ambalema,73,Tolima,Municipio,4.782682,-74.764429,6763,5358,1405,6773,238.0
73043,Anzoátegui,73,Tolima,Municipio,4.631756,-75.093772,10643,1623,9020,10694,469.7
73055,Armero,73,Tolima,Municipio,5.030744,-74.884438,12795,8081,4714,12675,440.6
73067,Ataco,73,Tolima,Municipio,3.590591,-75.382545,20589,5668,14921,21028,1017.6
73124,Cajamarca,73,Tolima,Municipio,4.438812,-75.431971,18927,9878,9049,18575,508.5
73148,Carmen de Apicalá,73,Tolima,Municipio,4.152334,-74.717633,11091,8351,2740,11340,190.8
73152,Casabianca,73,Tolima,Municipio,5.078465,-75.120966,6615,1784,4831,6646,175.3
73168,Chaparral,73,Tolima,Municipio,3.722918,-75.480765,53336,30467,22869,53863,2102.1
73200,Coello,73,Tolima,Municipio,4.287276,-74.898464,8593,1623,6970,8625,343.6
73217,Coyaima,73,Tolima,Municipio,3.798036,-75.193862,23765,4300,19465,23867,669.1
73226,Cunday,73,Tolima,Municipio,4.059259,-74.692227,9076,2608,6468,9077,507.5
73236,Dolores,73,Tolima,Municipio,3.539072,-74.896761,8635,3590,5045,8645,652.0
73268,Espinal,73,Tolima,Municipio,4.151314,-74.885446,71952,51793,20159,71849,216.5
73270,Falan,73,Tolima,Municipio,5.123104,-74.953007,7994,1958,6036,8025,181.3
73275,Flandes,73,Tolima,Municipio,4.276373,-74.818763,29156,25209,3947,29184,96.8
73283,Fresno,73,Tolima,Municipio,5.153576,-75.035722,31883,16246,15637,31794,219.7
73319,Guamo,73,Tolima,Municipio,4.030992,-74.968135,33934,17284,16650,33939,505.7
73347,Herveo,73,Tolima,Municipio,5.080228,-75.177151,7565,2348,5217,7376,322.7
73349,Honda,73,Tolima,Municipio,5.211816,-74.75699,24973,23683,1290,24891,304.9
73352,Icononzo,73,Tolima,Municipio,4.176487,-74.531969,12523,3867,8656,12616,215.2
73408,Lérida,73,Tolima,Municipio,4.862046,-74.910716,18411,13719,4692,18104,272.0
73411,Líbano,73,Tolima,Municipio,4.92042,-75.061959,37626,24178,13448,37610,282.4
73443,Mariquita,73,Tolima,Municipio,5.199708,-74.889276,40644,29925,10719,41327,293.3
73449,Melgar,73,Tolima,Municipio,4.203655,-74.641317,39791,32393,7398,41020,202.2
73461,Murillo,73,Tolima,Municipio,4.874341,-75.171022,4222,1836,2386,4126,423.9
73483,Natagaima,73,Tolima,Municipio,3.624324,-75.093182,15989,8981,7008,16445,859.8
73504,Ortega,73,Tolima,Municipio,3.934916,-75.222601,36604,7756,28848,36931,953.8
73520,Palocabildo,73,Tolima,Municipio,5.120918,-75.022167,10212,3242,6970,10229,65.0
73547,Piedras,73,Tolima,Municipio,4.543951,-74.878106,7565,2621,4944,7771,354.4
73555,Planadas,73,Tolima,Municipio,3.197911,-75.644163,27457,7888,19569,28041,1754.1
73563,Prado,73,Tolima,Municipio,3.750939,-74.927447,8625,3875,4750,8539,423.0
73585,Purificación,73,Tolima,Municipio,3.857246,-74.935555,24149,13726,10423,24156,402.2
73616,Rioblanco,73,Tolima,Municipio,3.529932,-75.644069,24152,4520,19632,24633,2046.2
73622,Roncesvalles,73,Tolima,Municipio,4.011567,-75.605959,5652,1959,3693,5661,775.8
73624,Rovira,73,Tolima,Municipio,4.239019,-75.240648,22391,10656,11735,22381,739.5
73671,Saldaña,73,Tolima,Municipio,3.929815,-75.016852,14826,8751,6075,14831,193.2
73675,San Antonio,73,Tolima,Municipio,3.914146,-75.480074,13351,4583,8768,13390,383.4
73678,San Luis,73,Tolima,Municipio,4.133721,-75.095804,14054,4012,10042,14121,412.2
73686,Santa Isabel,73,Tolima,Municipio,4.713606,-75.097934,5976,2270,3706,5974,270.2
73770,Suárez,73,Tolima,Municipio,4.048891,-74.831885,3926,1628,2298,3944,190.1
73854,Valle de San Juan,73,Tolima,Municipio,4.197494,-75.115669,5515,2212,3303,5529,197.8
73861,Venadillo,73,Tolima,Municipio,4.717878,-74.929333,13092,8943,4149,13087,334.6
73870,Villahermosa,73,Tolima,Municipio,5.030452,-75.117729,9603,3547,6056,9617,278.8
73873,Villarrica,73,Tolima,Municipio,3.936902,-74.600285,5290,2049,3241,5307,430.5
76001,Cali,76,Valle del Cauca,Municipio,3.413686,-76.52133,2269983,2217353,52630,2233593,563.0
76020,Alcalá,76,Valle del Cauca,Municipio,4.674994,-75.779792,14335,10752,3583,14177,62.4
76036,Andalucía,76,Valle del Cauca,Municipio,4.171713,-76.167925,25109,20021,5088,25912,110.5
76041,Ansermanuevo,76,Valle del Cauca,Municipio,4.794984,-75.992003,17825,11006,6819,17578,305.5
76054,Argelia,76,Valle del Cauca,Municipio,4.726945,-76.119905,5538,3065,2473,5417,90.8
76100,Bolívar,76,Valle del Cauca,Municipio,4.337846,-76.183583,15958,5013,10945,15637,743.6
76109,Buenaventura,76,Valle del Cauca,Municipio,3.875708,-77.01074,335217,262320,72897,346349,6292.4
76111,Guadalajara de Buga,76,Valle del Cauca,Municipio,3.900736,-76.298979,132250,114352,17898,131389,825.9
76113,Bugalagrande,76,Valle del Cauca,Municipio,4.208358,-76.15682,25527,13894,11633,25604,396.8
76122,Caicedonia,76,Valle del Cauca,Municipio,4.334808,-75.830594,30248,25425,4823,30380,167.0
76126,Calima,76,Valle del Cauca,Municipio,3.933664,-76.484132,19402,12804,6598,19668,793.5
76130,Candelaria,76,Valle del Cauca,Municipio,3.408354,-76.346519,115933,29309,86624,126304,296.5
76147,Cartago,76,Valle del Cauca,Municipio,4.742192,-75.924374,144206,139614,4592,145983,248.2
76233,Dagua,76,Valle del Cauca,Municipio,3.657318,-76.68886,60038,13529,46509,64081,916.3
76243,El Águila,76,Valle del Cauca,Municipio,4.906062,-76.042779,9164,2732,6432,8939,187.8
76246,El Cairo,76,Valle del Cauca,Municipio,4.760874,-76.221611,7010,3477,3533,6891,214.2
76248,El Cerrito,76,Valle del Cauca,Municipio,3.684229,-76.311972,56397,37017,19380,55106,441.9
76250,El Dovio,76,Valle del Cauca,Municipio,4.510452,-76.237084,9312,6041,3271,9328,235.4
76275,Florida,76,Valle del Cauca,Municipio,3.324118,-76.234199,57017,40906,16111,55582,401.6
76306,Ginebra,76,Valle del Cauca,Municipio,3.724181,-76.268068,24545,11874,12671,24980,268.7
76318,Guacarí,76,Valle del Cauca,Municipio,3.761815,-76.330911,34739,22272,12467,34837,162.5
76364,Jamundí,76,Valle del Cauca,Municipio,3.258751,-76.538472,196875,150381,46494,207888,629.0
76377,La Cumbre,76,Valle del Cauca,Municipio,3.649268,-76.56805,18765,3928,14837,19520,255.4
76400,La Unión,76,Valle del Cauca,Municipio,4.533869,-76.099661,34699,28254,6445,34238,120.9
76403,La Victoria,76,Valle del Cauca,Municipio,4.523603,-76.036529,12765,9883,2882,12805,264.7
76497,Obando,76,Valle del Cauca,Municipio,4.575712,-75.974709,12558,9626,2932,12418,214.7
76520,Palmira,76,Valle del Cauca,Municipio,3.531544,-76.298846,382703,296852,85851,387361,1005.2
76563,Pradera,76,Valle del Cauca,Municipio,3.419793,-76.241799,50067,44163,5904,50203,356.7
76606,Restrepo,76,Valle del Cauca,Municipio,3.821351,-76.523329,16021,11017,5004,16072,136.2
76616,Riofrío,76,Valle del Cauca,Municipio,4.156908,-76.288313,16207,8159,8048,16261,308.1
76622,Roldanillo,76,Valle del Cauca,Municipio,4.413601,-76.152277,38639,30066,8573,38761,235.7
76670,San Pedro,76,Valle del Cauca,Municipio,3.995073,-76.228692,17244,8466,8778,17052,202.1
76736,Sevilla,76,Valle del Cauca,Municipio,4.270714,-75.931629,44172,34327,9845,44318,537.2
76823,Toro,76,Valle del Cauca,Municipio,4.608085,-76.076859,14922,10513,4409,14717,175.8
76828,Trujillo,76,Valle del Cauca,Municipio,4.212037,-76.318818,20058,10051,10007,20119,307.6
76834,Tuluá,76,Valle del Cauca,Municipio,4.085399,-76.197731,225868,187083,38785,227178,909.4
76845,Ulloa,76,Valle del Cauca,Municipio,4.703623,-75.737808,5601,2697,2904,5513,41.9
76863,Versalles,76,Valle del Cauca,Municipio,4.575019,-76.199203,7441,4471,2970,7310,200.6
76869,Vijes,76,Valle del Cauca,Municipio,3.698686,-76.441804,14126,9264,4862,14452,113.8
76890,Yotoco,76,Valle del Cauca,Municipio,3.861241,-76.382698,16843,9223,7620,16928,327.8
76892,Yumbo,76,Valle del Cauca,Municipio,3.540097,-76.499893,115667,98767,16900,116735,230.6
76895,Zarzal,76,Valle del Cauca,Municipio,4.392658,-76.070795,43993,34159,9834,44132,367.9
81001,Arauca,81,Arauca,Municipio,7.072726,-70.747408,91253,78169,13084,91667,5788.0
81065,Arauquita,81,Arauca,Municipio,7.02702,-71.426733,53850,14323,39527,54412,3046.8
81220,Cravo Norte,81,Arauca,Municipio,6.303913,-70.204286,4178,2907,1271,4218,5212.6
81300,Fortul,81,Arauca,Municipio,6.796695,-71.76877,20225,10858,9367,20373,1158.6
81591,Puerto Rondón,81,Arauca,Municipio,6.281461,-71.10339,4709,3128,1581,4735,2281.5
81736,Saravena,81,Arauca,Municipio,6.953926,-71.872812,59390,44522,14868,59683,945.1
81794,Tame,81,Arauca,Municipio,6.453324,-71.754427,46417,26828,19589,46751,5418.7
85001,Yopal,85,Casanare,Municipio,5.327102,-72.396132,198423,171669,26754,208720,2482.9
85010,Aguazul,85,Casanare,Municipio,5.172641,-72.546838,39480,29322,10158,39667,1442.5
85015,Chámeza,85,Casanare,Municipio,5.214527,-72.87016,2700,1677,1023,2728,313.5
85125,Hato Corozal,85,Casanare,Municipio,6.154099,-71.764213,13180,6195,6985,13295,5509.7
85136,La Salina,85,Casanare,Municipio,6.127762,-72.334978,1519,766,753,1531,199.9
85139,Maní,85,Casanare,Municipio,4.81681,-72.281384,20030,13676,6354,20964,3754.5
85162,Monterrey,85,Casanare,Municipio,4.877017,-72.894065,19042,13756,5286,19231,779.2
85225,Nunchía,85,Casanare,Municipio,5.636474,-72.195323,9434,2424,7010,9536,1101.8
85230,Orocué,85,Casanare,Municipio,4.790258,-71.338533,14722,6910,7812,15612,4753.5
85250,Paz de Ariporo,85,Casanare,Municipio,5.879827,-71.890348,38709,26912,11797,38779,12115.0
85263,Pore,85,Casanare,Municipio,5.72773,-71.99286,13714,8302,5412,14259,780.5
85279,Recetor,85,Casanare,Municipio,5.229181,-72.760991,1747,362,1385,1768,181.2
85300,Sabanalarga,85,Casanare,Municipio,4.854787,-73.038696,3882,2006,1876,3907,400.9
85315,Sácama,85,Casanare,Municipio,6.096738,-72.250157,2112,1124,988,2063,312.2
85325,San Luis de Palenque,85,Casanare,Municipio,5.422397,-71.732198,9062,3501,5561,9131,2989.7
85400,Támara,85,Casanare,Municipio,5.829543,-72.16165,7353,1935,5418,7413,1091.2
85410,Tauramena,85,Casanare,Municipio,5.018977,-72.74662,26371,17022,9349,27118,2381.7
85430,Trinidad,85,Casanare,Municipio,5.412178,-71.662812,14149,7877,6272,14237,2970.2
85440,Villanueva,85,Casanare,Municipio,4.61035,-72.927797,42337,32150,10187,44973,833.9
86001,Mocoa,86,Putumayo,Municipio,1.151172,-76.654238,68328,48054,20274,72569,1304.6
86219,Colón,86,Putumayo,Municipio,1.190133,-76.972566,5906,3764,2142,6168,64.3
86320,Orito,86,Putumayo,Municipio,0.663593,-76.873276,39136,21140,17996,39251,1939.4
86568,Puerto Asís,86,Putumayo,Municipio,0.505627,-76.496887,73436,44343,29093,76724,2819.2
86569,Puerto Caicedo,86,Putumayo,Municipio,0.687784,-76.606118,17610,7142,10468,17993,926.5
86571,Puerto Guzmán,86,Putumayo,Municipio,0.962854,-76.407663,42856,6370,36486,45976,4576.6
86573,Puerto Leguízamo,86,Putumayo,Municipio,-0.192318,-74.781842,38367,17394,20973,42070,10906.9
86749,Sibundoy,86,Putumayo,Municipio,1.20026,-76.917814,16354,10996,5358,16937,97.7
86755,San Francisco,86,Putumayo,Municipio,1.174194,-76.879283,5664,3468,2196,5619,407.4
86757,San Miguel,86,Putumayo,Municipio,0.34346,-76.91217,19725,5404,14321,19930,379.7
86760,Santiago,86,Putumayo,Municipio,1.147076,-77.002641,7281,3565,3716,7260,341.9
86865,Valle del Guamuez,86,Putumayo,Municipio,0.423506,-76.906751,34803,15921,18882,35003,815.2
86885,Villagarzón,86,Putumayo,Municipio,1.028821,-76.61721,26124,16149,9975,27133,1397.0
88001,San Andrés,88,"Archipiélago de San Andrés, Providencia y Santa Catalina",Isla,12.578108,-81.707181,57185,43668,13517,57294,27.1
88564,Providencia,88,"Archipiélago de San Andrés, Providencia y Santa Catalina",Municipio,13.373185,-81.368386,6342,3846,2496,6427,22.3
91001,Leticia,91,Amazonas,Municipio,-4.19895,-69.941721,54208,38906,15302,55816,6182.4
91263,El Encanto (ANM),91,Amazonas,Área no municipalizada,-1.74806,-73.207114,2233,0,2233,2276,10897.5
91405,La Chorrera (ANM),91,Amazonas,Área no municipalizada,-1.442617,-72.791889,3166,0,3166,3220,12726.9
91407,La Pedrera (ANM),91,Amazonas,Área no municipalizada,-1.320301,-69.585499,4132,0,4132,4223,13668.2
91430,La Victoria (ANM),91,Amazonas,Área no municipalizada,0.054936,-71.223208,691,0,691,692,1432.8
91460,Miriti - Paraná (ANM),91,Amazonas,Área no municipalizada,-0.888833,-70.98893,2120,0,2120,2215,16867.5
91530,Puerto Alegría (ANM),91,Amazonas,Área no municipalizada,-1.005674,-74.014461,807,0,807,805,8494.2
91536,Puerto Arica (ANM),91,Amazonas,Área no municipalizada,-2.147039,-71.752186,1073,0,1073,1095,13791.3
91540,Puerto Nariño,91,Amazonas,Municipio,-3.779934,-70.364937,11556,4588,6968,12141,1509.2
91669,Puerto Santander (ANM),91,Amazonas,Área no municipalizada,-0.621184,-72.384213,1863,0,1863,1906,14731.1
91798,Tarapacá (ANM),91,Amazonas,Área no municipalizada,-2.890126,-69.741745,4047,0,4047,4116,9195.9
94001,Inírida,94,Guainía,Municipio,3.866764,-67.918613,40729,27117,13612,44087,15970.2
94343,Barrancominas,94,Guainía,Municipio,3.494178,-69.814066,12020,1311,10709,13202,9467.8
94883,San Felipe (ANM),94,Guainía,Área no municipalizada,1.912495,-67.067848,2003,0,2003,2174,2926.4
94884,Puerto Colombia (ANM),94,Guainía,Área no municipalizada,2.726438,-67.566774,1980,0,1980,2027,15700.7
94885,La Guadalupe (ANM),94,Guainía,Área no municipalizada,1.632464,-66.963692,319,0,319,364,1178.9
94886,Cacahual (ANM),94,Guainía,Área no municipalizada,3.52617,-67.413312,907,0,907,945,2335.3
94887,Pana Pana (ANM),94,Guainía,Área no municipalizada,1.865668,-69.0099,2016,0,2016,2053,10227.1
94888,Morichal (ANM),94,Guainía,Área no municipalizada,2.265132,-69.919404,1091,0,1091,1161,8555.1
95001,San José del Guaviare,95,Guaviare,Municipio,2.565932,-72.639254,54519,37259,17260,54522,16768.5
95015,Calamar,95,Guaviare,Municipio,1.960982,-72.655197,9914,4449,5465,9998,13556.4
95025,El Retorno,95,Guaviare,Municipio,2.330164,-72.627304,13293,3387,9906,13299,12442.2
95200,Miraflores,95,Guaviare,Municipio,1.337539,-71.950416,7107,1869,5238,7198,12808.1
97001,Mitú,97,Vaupés,Municipio,1.253151,-70.232641,32260,9232,23028,33023,16215.7
97161,Carurú,97,Vaupés,Municipio,1.016116,-71.30221,3046,1373,1673,3052,6368.5
97511,Pacoa (ANM),97,Vaupés,Área no municipalizada,0.020698,-71.004339,4312,0,4312,4378,13993.3
97666,Taraira,97,Vaupés,Municipio,-0.564984,-69.635497,2988,1168,1820,3215,6510.2
97777,Papunahua (ANM),97,Vaupés,Área no municipalizada,1.908124,-70.76091,768,0,768,785,5551.2
97889,Yavaraté (ANM),97,Vaupés,Área no municipalizada,0.609142,-69.203337,1116,0,1116,1147,4660.4
99001,Puerto Carreño,99,Vichada,Municipio,6.186636,-67.487095,24697,18633,6064,26035,12205.0
99524,La Primavera,99,Vichada,Municipio,5.486309,-70.410515,10694,6410,4284,10750,18362.9
99624,Santa Rosalía,99,Vichada,Municipio,5.136393,-70.859499,4149,2541,1608,4092,3898.3
99773,Cumaribo,99,Vichada,Municipio,4.446352,-69.795533,114650,3870,110780,134333,65597.2
